retailer,brand,model_id,model_name,condition,week_start,price,promo_price,installment_price,promo_start,promo_end,promo_type,promo_active,prev_week_price,price_change_abs,price_change_pct,rank_within_brand,availability_status,currency,scraped_at
Boulanger,ASUS,ASUS-CHROMEBOOK-FLIP-CX5,Chromebook Flip CX5,new,2025-09-12,1711.98,,,,,,False,,,,8,preorder,EUR,2025-09-12T15:00:00Z
Boulanger,ASUS,ASUS-CHROMEBOOK-FLIP-CX5,Chromebook Flip CX5,used,2025-09-19,1938.35,1586.66,,2025-09-18T07:00:00Z,2025-09-26T01:00:00Z,back_to_school,True,1711.98,226.37,13.22,8,in_stock,EUR,2025-09-19T13:00:00Z
Boulanger,ASUS,ASUS-CHROMEBOOK-FLIP-CX5,Chromebook Flip CX5,new,2025-09-26,1960.51,,490.13,,,,False,1938.35,22.16,1.14,8,in_stock,EUR,2025-09-26T07:00:00Z
Boulanger,ASUS,ASUS-CHROMEBOOK-FLIP-CX5,Chromebook Flip CX5,new,2025-10-03,1802.26,1468.41,450.56,2025-10-06T16:00:00Z,2025-10-14T20:00:00Z,flash_sale,False,1960.51,-158.25,-8.07,7,out_of_stock,EUR,2025-10-03T15:00:00Z
Boulanger,ASUS,ASUS-EXPERTBOOK-B5,ExpertBook B5,new,2025-09-12,1057.09,,264.27,,,,False,,,,3,in_stock,EUR,2025-09-12T08:00:00Z
Boulanger,ASUS,ASUS-EXPERTBOOK-B5,ExpertBook B5,new,2025-09-19,1006.02,,251.5,,,,False,1057.09,-51.07,-4.83,3,in_stock,EUR,2025-09-19T10:00:00Z
Boulanger,ASUS,ASUS-EXPERTBOOK-B5,ExpertBook B5,new,2025-09-26,1057.35,,,,,,False,1006.02,51.33,5.1,3,in_stock,EUR,2025-09-26T16:00:00Z
Boulanger,ASUS,ASUS-EXPERTBOOK-B5,ExpertBook B5,new,2025-10-03,902.48,,,,,,False,1057.35,-154.87,-14.65,3,in_stock,EUR,2025-10-03T13:00:00Z
Boulanger,ASUS,ASUS-PROART-STUDIOBOOK,ProArt Studiobook,refurb,2025-09-12,814.86,673.59,,2025-09-13T03:00:00Z,2025-09-22T14:00:00Z,back_to_school,False,,,,2,in_stock,EUR,2025-09-12T10:00:00Z
Boulanger,ASUS,ASUS-PROART-STUDIOBOOK,ProArt Studiobook,new,2025-09-19,803.93,,200.98,,,,False,814.86,-10.93,-1.34,2,preorder,EUR,2025-09-19T17:00:00Z
Boulanger,ASUS,ASUS-PROART-STUDIOBOOK,ProArt Studiobook,used,2025-09-26,912.5,,,,,,False,803.93,108.57,13.5,2,preorder,EUR,2025-09-26T07:00:00Z
Boulanger,ASUS,ASUS-PROART-STUDIOBOOK,ProArt Studiobook,new,2025-10-03,837.9,,209.47,,,,False,912.5,-74.6,-8.18,2,in_stock,EUR,2025-10-03T07:00:00Z
Boulanger,ASUS,ASUS-ROG-STRIX-G16,ROG Strix G16,new,2025-09-12,1663.02,,,,,,False,,,,7,in_stock,EUR,2025-09-12T17:00:00Z
Boulanger,ASUS,ASUS-ROG-STRIX-G16,ROG Strix G16,new,2025-09-19,1732.35,1539.65,433.09,2025-09-18T20:00:00Z,2025-09-27T12:00:00Z,back_to_school,True,1663.02,69.33,4.17,7,in_stock,EUR,2025-09-19T15:00:00Z
Boulanger,ASUS,ASUS-ROG-STRIX-G16,ROG Strix G16,new,2025-09-26,1566.21,,391.55,,,,False,1732.35,-166.14,-9.59,6,in_stock,EUR,2025-09-26T08:00:00Z
Boulanger,ASUS,ASUS-ROG-STRIX-G16,ROG Strix G16,new,2025-10-03,1805.35,,,,,,False,1566.21,239.14,15.27,8,in_stock,EUR,2025-10-03T07:00:00Z
Boulanger,ASUS,ASUS-ROG-ZEPHYRUS-G14,ROG Zephyrus G14,new,2025-09-12,2579.0,,644.75,,,,False,,,,10,out_of_stock,EUR,2025-09-12T12:00:00Z
Boulanger,ASUS,ASUS-ROG-ZEPHYRUS-G14,ROG Zephyrus G14,new,2025-09-19,2618.67,2273.88,654.67,2025-09-17T00:00:00Z,2025-09-19T09:00:00Z,weekend_deal,True,2579.0,39.67,1.54,10,out_of_stock,EUR,2025-09-19T10:00:00Z
Boulanger,ASUS,ASUS-ROG-ZEPHYRUS-G14,ROG Zephyrus G14,new,2025-09-26,2481.22,,,,,,False,2618.67,-137.45,-5.25,10,in_stock,EUR,2025-09-26T09:00:00Z
Boulanger,ASUS,ASUS-ROG-ZEPHYRUS-G14,ROG Zephyrus G14,new,2025-10-03,2248.6,,,,,,False,2481.22,-232.62,-9.38,10,in_stock,EUR,2025-10-03T13:00:00Z
Boulanger,ASUS,ASUS-TUF-GAMING-A15,TUF Gaming A15,new,2025-09-12,1149.61,,,,,,False,,,,4,out_of_stock,EUR,2025-09-12T14:00:00Z
Boulanger,ASUS,ASUS-TUF-GAMING-A15,TUF Gaming A15,new,2025-09-19,1133.56,1065.44,283.39,2025-09-21T03:00:00Z,2025-09-23T16:00:00Z,flash_sale,False,1149.61,-16.05,-1.4,4,in_stock,EUR,2025-09-19T17:00:00Z
Boulanger,ASUS,ASUS-TUF-GAMING-A15,TUF Gaming A15,new,2025-09-26,1195.66,,298.92,,,,False,1133.56,62.1,5.48,4,in_stock,EUR,2025-09-26T18:00:00Z
Boulanger,ASUS,ASUS-TUF-GAMING-A15,TUF Gaming A15,new,2025-10-03,1165.6,,,,,,False,1195.66,-30.06,-2.51,4,in_stock,EUR,2025-10-03T11:00:00Z
Boulanger,ASUS,ASUS-VIVOBOOK-15,Vivobook 15,new,2025-09-12,1583.93,,395.98,,,,False,,,,6,out_of_stock,EUR,2025-09-12T08:00:00Z
Boulanger,ASUS,ASUS-VIVOBOOK-15,Vivobook 15,new,2025-09-19,1595.13,,,,,,False,1583.93,11.2,0.71,6,in_stock,EUR,2025-09-19T09:00:00Z
Boulanger,ASUS,ASUS-VIVOBOOK-15,Vivobook 15,new,2025-09-26,1667.3,,,,,,False,1595.13,72.17,4.52,7,preorder,EUR,2025-09-26T12:00:00Z
Boulanger,ASUS,ASUS-VIVOBOOK-15,Vivobook 15,new,2025-10-03,1683.31,,,,,,False,1667.3,16.01,0.96,6,out_of_stock,EUR,2025-10-03T08:00:00Z
Boulanger,ASUS,ASUS-VIVOBOOK-S14,Vivobook S14,new,2025-09-12,1887.27,,,,,,False,,,,9,in_stock,EUR,2025-09-12T09:00:00Z
Boulanger,ASUS,ASUS-VIVOBOOK-S14,Vivobook S14,new,2025-09-19,2056.97,,,,,,False,1887.27,169.7,8.99,9,out_of_stock,EUR,2025-09-19T07:00:00Z
Boulanger,ASUS,ASUS-VIVOBOOK-S14,Vivobook S14,new,2025-09-26,2248.53,,562.13,,,,False,2056.97,191.56,9.31,9,preorder,EUR,2025-09-26T09:00:00Z
Boulanger,ASUS,ASUS-VIVOBOOK-S14,Vivobook S14,new,2025-10-03,2149.66,,537.41,,,,False,2248.53,-98.87,-4.4,9,out_of_stock,EUR,2025-10-03T12:00:00Z
Boulanger,ASUS,ASUS-ZENBOOK-14-OLED,Zenbook 14 OLED,new,2025-09-12,721.54,,,,,,False,,,,1,in_stock,EUR,2025-09-12T17:00:00Z
Boulanger,ASUS,ASUS-ZENBOOK-14-OLED,Zenbook 14 OLED,refurb,2025-09-19,669.21,,,,,,False,721.54,-52.33,-7.25,1,in_stock,EUR,2025-09-19T08:00:00Z
Boulanger,ASUS,ASUS-ZENBOOK-14-OLED,Zenbook 14 OLED,new,2025-09-26,642.17,,,,,,False,669.21,-27.04,-4.04,1,in_stock,EUR,2025-09-26T18:00:00Z
Boulanger,ASUS,ASUS-ZENBOOK-14-OLED,Zenbook 14 OLED,new,2025-10-03,623.73,568.38,155.93,2025-10-05T16:00:00Z,2025-10-08T10:00:00Z,clearance,False,642.17,-18.44,-2.87,1,preorder,EUR,2025-10-03T16:00:00Z
Boulanger,ASUS,ASUS-ZENBOOK-S-13,Zenbook S 13,new,2025-09-12,1309.15,,327.29,,,,False,,,,5,in_stock,EUR,2025-09-12T15:00:00Z
Boulanger,ASUS,ASUS-ZENBOOK-S-13,Zenbook S 13,new,2025-09-19,1458.07,,,,,,False,1309.15,148.92,11.38,5,in_stock,EUR,2025-09-19T10:00:00Z
Boulanger,ASUS,ASUS-ZENBOOK-S-13,Zenbook S 13,new,2025-09-26,1479.32,,,,,,False,1458.07,21.25,1.46,5,out_of_stock,EUR,2025-09-26T12:00:00Z
Boulanger,ASUS,ASUS-ZENBOOK-S-13,Zenbook S 13,new,2025-10-03,1465.75,,,,,,False,1479.32,-13.57,-0.92,5,in_stock,EUR,2025-10-03T09:00:00Z
Boulanger,Acer,ACER-ASPIRE-5,Aspire 5,new,2025-09-12,1087.26,,271.81,,,,False,,,,3,in_stock,EUR,2025-09-12T15:00:00Z
Boulanger,Acer,ACER-ASPIRE-5,Aspire 5,new,2025-09-19,1169.23,,,,,,False,1087.26,81.97,7.54,3,in_stock,EUR,2025-09-19T17:00:00Z
Boulanger,Acer,ACER-ASPIRE-5,Aspire 5,new,2025-09-26,983.94,788.88,,2025-09-24T06:00:00Z,2025-09-29T10:00:00Z,flash_sale,True,1169.23,-185.29,-15.85,3,preorder,EUR,2025-09-26T17:00:00Z
Boulanger,Acer,ACER-ASPIRE-5,Aspire 5,new,2025-10-03,972.94,783.74,243.24,2025-10-06T17:00:00Z,2025-10-14T04:00:00Z,back_to_school,False,983.94,-11.0,-1.12,3,in_stock,EUR,2025-10-03T07:00:00Z
Boulanger,Acer,ACER-ASPIRE-VERO,Aspire Vero,new,2025-09-12,567.27,,,,,,False,,,,1,out_of_stock,EUR,2025-09-12T16:00:00Z
Boulanger,Acer,ACER-ASPIRE-VERO,Aspire Vero,new,2025-09-19,534.07,,,,,,False,567.27,-33.2,-5.85,1,preorder,EUR,2025-09-19T08:00:00Z
Boulanger,Acer,ACER-ASPIRE-VERO,Aspire Vero,new,2025-09-26,579.81,,144.95,,,,False,534.07,45.74,8.56,1,out_of_stock,EUR,2025-09-26T11:00:00Z
Boulanger,Acer,ACER-ASPIRE-VERO,Aspire Vero,new,2025-10-03,561.01,,140.25,,,,False,579.81,-18.8,-3.24,1,out_of_stock,EUR,2025-10-03T10:00:00Z
Boulanger,Acer,ACER-CHROMEBOOK-SPIN-713,Chromebook Spin 713,new,2025-09-12,1385.22,,,,,,False,,,,5,preorder,EUR,2025-09-12T13:00:00Z
Boulanger,Acer,ACER-CHROMEBOOK-SPIN-713,Chromebook Spin 713,new,2025-09-19,1297.45,,,2025-09-18T08:00:00Z,2025-09-26T10:00:00Z,back_to_school,False,1385.22,-87.77,-6.34,5,in_stock,EUR,2025-09-19T18:00:00Z
Boulanger,Acer,ACER-CHROMEBOOK-SPIN-713,Chromebook Spin 713,new,2025-09-26,1386.56,,346.64,,,,False,1297.45,89.11,6.87,5,in_stock,EUR,2025-09-26T08:00:00Z
Boulanger,Acer,ACER-CHROMEBOOK-SPIN-713,Chromebook Spin 713,new,2025-10-03,1302.06,,325.51,,,,False,1386.56,-84.5,-6.09,4,out_of_stock,EUR,2025-10-03T12:00:00Z
Boulanger,Acer,ACER-NITRO-5,Nitro 5,new,2025-09-12,1846.04,,461.51,,,,False,,,,10,in_stock,EUR,2025-09-12T14:00:00Z
Boulanger,Acer,ACER-NITRO-5,Nitro 5,new,2025-09-19,1608.31,1417.88,402.08,2025-09-21T07:00:00Z,2025-09-24T11:00:00Z,flash_sale,False,1846.04,-237.73,-12.88,9,in_stock,EUR,2025-09-19T16:00:00Z
Boulanger,Acer,ACER-NITRO-5,Nitro 5,new,2025-09-26,1643.44,,410.86,,,,False,1608.31,35.13,2.18,9,out_of_stock,EUR,2025-09-26T08:00:00Z
Boulanger,Acer,ACER-NITRO-5,Nitro 5,used,2025-10-03,1683.48,,420.87,2025-09-30T16:00:00Z,2025-10-07T02:00:00Z,flash_sale,False,1643.44,40.04,2.44,10,out_of_stock,EUR,2025-10-03T16:00:00Z
Boulanger,Acer,ACER-PREDATOR-HELIOS-16,Predator Helios 16,new,2025-09-12,1445.48,,,,,,False,,,,7,in_stock,EUR,2025-09-12T09:00:00Z
Boulanger,Acer,ACER-PREDATOR-HELIOS-16,Predator Helios 16,used,2025-09-19,1597.15,1451.47,,2025-09-20T17:00:00Z,2025-09-28T17:00:00Z,flash_sale,False,1445.48,151.67,10.49,8,in_stock,EUR,2025-09-19T18:00:00Z
Boulanger,Acer,ACER-PREDATOR-HELIOS-16,Predator Helios 16,new,2025-09-26,1442.34,,360.58,,,,False,1597.15,-154.81,-9.69,7,in_stock,EUR,2025-09-26T07:00:00Z
Boulanger,Acer,ACER-PREDATOR-HELIOS-16,Predator Helios 16,new,2025-10-03,1401.63,,350.41,,,,False,1442.34,-40.71,-2.82,7,in_stock,EUR,2025-10-03T12:00:00Z
Boulanger,Acer,ACER-SPIN-5,Spin 5,new,2025-09-12,1305.74,,326.44,2025-09-09T02:00:00Z,2025-09-17T05:00:00Z,back_to_school,False,,,,4,in_stock,EUR,2025-09-12T15:00:00Z
Boulanger,Acer,ACER-SPIN-5,Spin 5,new,2025-09-19,1302.52,,,,,,False,1305.74,-3.22,-0.25,6,in_stock,EUR,2025-09-19T09:00:00Z
Boulanger,Acer,ACER-SPIN-5,Spin 5,new,2025-09-26,1330.85,,,,,,False,1302.52,28.33,2.18,4,in_stock,EUR,2025-09-26T09:00:00Z
Boulanger,Acer,ACER-SPIN-5,Spin 5,new,2025-10-03,1374.82,,343.7,,,,False,1330.85,43.97,3.3,6,in_stock,EUR,2025-10-03T08:00:00Z
Boulanger,Acer,ACER-SWIFT-3,Swift 3,new,2025-09-12,694.27,,173.57,,,,False,,,,2,in_stock,EUR,2025-09-12T17:00:00Z
Boulanger,Acer,ACER-SWIFT-3,Swift 3,new,2025-09-19,798.99,,199.75,,,,False,694.27,104.72,15.08,2,in_stock,EUR,2025-09-19T18:00:00Z
Boulanger,Acer,ACER-SWIFT-3,Swift 3,new,2025-09-26,745.95,682.29,,2025-09-23T12:00:00Z,2025-10-04T01:00:00Z,weekend_deal,True,798.99,-53.04,-6.64,2,in_stock,EUR,2025-09-26T18:00:00Z
Boulanger,Acer,ACER-SWIFT-3,Swift 3,new,2025-10-03,780.31,681.54,195.08,2025-10-05T16:00:00Z,2025-10-11T22:00:00Z,flash_sale,False,745.95,34.36,4.61,2,in_stock,EUR,2025-10-03T17:00:00Z
Boulanger,Acer,ACER-SWIFT-GO-14,Swift Go 14,new,2025-09-12,1683.85,,,,,,False,,,,8,in_stock,EUR,2025-09-12T15:00:00Z
Boulanger,Acer,ACER-SWIFT-GO-14,Swift Go 14,new,2025-09-19,1753.25,,438.31,,,,False,1683.85,69.4,4.12,10,preorder,EUR,2025-09-19T15:00:00Z
Boulanger,Acer,ACER-SWIFT-GO-14,Swift Go 14,new,2025-09-26,1501.52,,375.38,,,,False,1753.25,-251.73,-14.36,8,preorder,EUR,2025-09-26T09:00:00Z
Boulanger,Acer,ACER-SWIFT-GO-14,Swift Go 14,new,2025-10-03,1501.96,1335.52,375.49,2025-10-01T02:00:00Z,2025-10-07T14:00:00Z,back_to_school,True,1501.52,0.44,0.03,8,in_stock,EUR,2025-10-03T18:00:00Z
Boulanger,Acer,ACER-SWIFT-X-14,Swift X 14,new,2025-09-12,1689.14,,422.29,,,,False,,,,9,in_stock,EUR,2025-09-12T15:00:00Z
Boulanger,Acer,ACER-SWIFT-X-14,Swift X 14,new,2025-09-19,1549.52,,387.38,,,,False,1689.14,-139.62,-8.27,7,in_stock,EUR,2025-09-19T09:00:00Z
Boulanger,Acer,ACER-SWIFT-X-14,Swift X 14,new,2025-09-26,1681.78,1373.28,,2025-09-25T12:00:00Z,2025-09-30T07:00:00Z,weekend_deal,True,1549.52,132.26,8.54,10,in_stock,EUR,2025-09-26T18:00:00Z
Boulanger,Acer,ACER-SWIFT-X-14,Swift X 14,new,2025-10-03,1549.35,,,,,,False,1681.78,-132.43,-7.87,9,preorder,EUR,2025-10-03T14:00:00Z
Boulanger,Acer,ACER-TRAVELMATE-P4,TravelMate P4,new,2025-09-12,1431.42,,,,,,False,,,,6,in_stock,EUR,2025-09-12T16:00:00Z
Boulanger,Acer,ACER-TRAVELMATE-P4,TravelMate P4,new,2025-09-19,1260.17,,,,,,False,1431.42,-171.25,-11.96,4,out_of_stock,EUR,2025-09-19T07:00:00Z
Boulanger,Acer,ACER-TRAVELMATE-P4,TravelMate P4,new,2025-09-26,1409.47,,,,,,False,1260.17,149.3,11.85,6,in_stock,EUR,2025-09-26T17:00:00Z
Boulanger,Acer,ACER-TRAVELMATE-P4,TravelMate P4,new,2025-10-03,1309.92,,327.48,,,,False,1409.47,-99.55,-7.06,5,in_stock,EUR,2025-10-03T11:00:00Z
Boulanger,Apple,APPLE-MACBOOK-AIR-13-M1,MacBook Air 13 M1,new,2025-09-12,2691.59,,672.9,,,,False,,,,6,in_stock,EUR,2025-09-12T17:00:00Z
Boulanger,Apple,APPLE-MACBOOK-AIR-13-M1,MacBook Air 13 M1,new,2025-09-19,2684.44,,671.11,,,,False,2691.59,-7.15,-0.27,6,in_stock,EUR,2025-09-19T16:00:00Z
Boulanger,Apple,APPLE-MACBOOK-AIR-13-M1,MacBook Air 13 M1,new,2025-09-26,2420.1,,605.02,,,,False,2684.44,-264.34,-9.85,6,in_stock,EUR,2025-09-26T16:00:00Z
Boulanger,Apple,APPLE-MACBOOK-AIR-13-M1,MacBook Air 13 M1,new,2025-10-03,2615.89,,653.97,,,,False,2420.1,195.79,8.09,6,in_stock,EUR,2025-10-03T08:00:00Z
Boulanger,Apple,APPLE-MACBOOK-AIR-13-M3,MacBook Air 13 M3,new,2025-09-12,2572.23,2307.68,,2025-09-13T01:00:00Z,2025-09-22T10:00:00Z,clearance,False,,,,5,in_stock,EUR,2025-09-12T17:00:00Z
Boulanger,Apple,APPLE-MACBOOK-AIR-13-M3,MacBook Air 13 M3,used,2025-09-19,2305.02,,,,,,False,2572.23,-267.21,-10.39,5,in_stock,EUR,2025-09-19T13:00:00Z
Boulanger,Apple,APPLE-MACBOOK-AIR-13-M3,MacBook Air 13 M3,new,2025-09-26,2367.59,1923.23,591.9,2025-09-23T07:00:00Z,2025-09-28T07:00:00Z,weekend_deal,True,2305.02,62.57,2.71,5,in_stock,EUR,2025-09-26T18:00:00Z
Boulanger,Apple,APPLE-MACBOOK-AIR-13-M3,MacBook Air 13 M3,new,2025-10-03,2449.85,2110.26,612.46,2025-10-06T10:00:00Z,2025-10-10T01:00:00Z,weekend_deal,False,2367.59,82.26,3.47,5,in_stock,EUR,2025-10-03T10:00:00Z
Boulanger,Apple,APPLE-MACBOOK-AIR-15-M2,MacBook Air 15 M2,new,2025-09-12,1766.22,1556.88,,2025-09-12T11:00:00Z,2025-09-19T07:00:00Z,weekend_deal,False,,,,3,preorder,EUR,2025-09-12T14:00:00Z
Boulanger,Apple,APPLE-MACBOOK-AIR-15-M2,MacBook Air 15 M2,new,2025-09-19,1738.5,,,,,,False,1766.22,-27.72,-1.57,3,in_stock,EUR,2025-09-19T08:00:00Z
Boulanger,Apple,APPLE-MACBOOK-AIR-15-M2,MacBook Air 15 M2,new,2025-09-26,1529.1,,382.27,,,,False,1738.5,-209.4,-12.04,2,preorder,EUR,2025-09-26T07:00:00Z
Boulanger,Apple,APPLE-MACBOOK-AIR-15-M2,MacBook Air 15 M2,new,2025-10-03,1594.58,,,,,,False,1529.1,65.48,4.28,2,out_of_stock,EUR,2025-10-03T14:00:00Z
Boulanger,Apple,APPLE-MACBOOK-AIR-M2,MacBook Air M2,new,2025-09-12,2879.11,,719.78,,,,False,,,,7,out_of_stock,EUR,2025-09-12T14:00:00Z
Boulanger,Apple,APPLE-MACBOOK-AIR-M2,MacBook Air M2,new,2025-09-19,2991.48,,,,,,False,2879.11,112.37,3.9,7,in_stock,EUR,2025-09-19T09:00:00Z
Boulanger,Apple,APPLE-MACBOOK-AIR-M2,MacBook Air M2,new,2025-09-26,2754.92,2252.38,,2025-09-27T19:00:00Z,2025-10-03T15:00:00Z,back_to_school,False,2991.48,-236.56,-7.91,7,in_stock,EUR,2025-09-26T13:00:00Z
Boulanger,Apple,APPLE-MACBOOK-AIR-M2,MacBook Air M2,new,2025-10-03,3087.66,,771.91,,,,False,2754.92,332.74,12.08,8,in_stock,EUR,2025-10-03T07:00:00Z
Boulanger,Apple,APPLE-MACBOOK-AIR-M3,MacBook Air M3,new,2025-09-12,3346.52,2991.03,836.63,2025-09-11T00:00:00Z,2025-09-13T10:00:00Z,flash_sale,True,,,,9,in_stock,EUR,2025-09-12T16:00:00Z
Boulanger,Apple,APPLE-MACBOOK-AIR-M3,MacBook Air M3,new,2025-09-19,3104.87,,776.22,2025-09-17T18:00:00Z,2025-09-26T20:00:00Z,weekend_deal,False,3346.52,-241.65,-7.22,10,in_stock,EUR,2025-09-19T14:00:00Z
Boulanger,Apple,APPLE-MACBOOK-AIR-M3,MacBook Air M3,new,2025-09-26,3123.72,2596.79,780.93,2025-09-24T03:00:00Z,2025-09-29T10:00:00Z,back_to_school,True,3104.87,18.85,0.61,10,out_of_stock,EUR,2025-09-26T10:00:00Z
Boulanger,Apple,APPLE-MACBOOK-AIR-M3,MacBook Air M3,new,2025-10-03,3195.9,,798.98,2025-10-05T10:00:00Z,2025-10-09T02:00:00Z,back_to_school,False,3123.72,72.18,2.31,10,in_stock,EUR,2025-10-03T09:00:00Z
Boulanger,Apple,APPLE-MACBOOK-PRO-13-M2,MacBook Pro 13 M2,new,2025-09-12,3531.65,,,,,,False,,,,10,in_stock,EUR,2025-09-12T17:00:00Z
Boulanger,Apple,APPLE-MACBOOK-PRO-13-M2,MacBook Pro 13 M2,new,2025-09-19,3004.78,,,,,,False,3531.65,-526.87,-14.92,8,in_stock,EUR,2025-09-19T09:00:00Z
Boulanger,Apple,APPLE-MACBOOK-PRO-13-M2,MacBook Pro 13 M2,new,2025-09-26,3074.37,,,,,,False,3004.78,69.59,2.32,8,preorder,EUR,2025-09-26T15:00:00Z
Boulanger,Apple,APPLE-MACBOOK-PRO-13-M2,MacBook Pro 13 M2,new,2025-10-03,3103.9,,775.98,,,,False,3074.37,29.53,0.96,9,out_of_stock,EUR,2025-10-03T13:00:00Z
Boulanger,Apple,APPLE-MACBOOK-PRO-14-M2,MacBook Pro 14 M2,new,2025-09-12,3156.55,2696.69,789.14,2025-09-13T12:00:00Z,2025-09-19T03:00:00Z,clearance,False,,,,8,in_stock,EUR,2025-09-12T14:00:00Z
Boulanger,Apple,APPLE-MACBOOK-PRO-14-M2,MacBook Pro 14 M2,new,2025-09-19,3084.73,,771.18,,,,False,3156.55,-71.82,-2.28,9,in_stock,EUR,2025-09-19T11:00:00Z
Boulanger,Apple,APPLE-MACBOOK-PRO-14-M2,MacBook Pro 14 M2,refurb,2025-09-26,3091.91,,,,,,False,3084.73,7.18,0.23,9,preorder,EUR,2025-09-26T09:00:00Z
Boulanger,Apple,APPLE-MACBOOK-PRO-14-M2,MacBook Pro 14 M2,new,2025-10-03,2970.67,,742.67,,,,False,3091.91,-121.24,-3.92,7,in_stock,EUR,2025-10-03T11:00:00Z
Boulanger,Apple,APPLE-MACBOOK-PRO-14-M3,MacBook Pro 14 M3,new,2025-09-12,1109.28,1009.72,,2025-09-10T13:00:00Z,2025-09-14T15:00:00Z,weekend_deal,True,,,,1,in_stock,EUR,2025-09-12T08:00:00Z
Boulanger,Apple,APPLE-MACBOOK-PRO-14-M3,MacBook Pro 14 M3,new,2025-09-19,1200.55,,300.14,,,,False,1109.28,91.27,8.23,1,out_of_stock,EUR,2025-09-19T14:00:00Z
Boulanger,Apple,APPLE-MACBOOK-PRO-14-M3,MacBook Pro 14 M3,new,2025-09-26,1118.33,,279.58,,,,False,1200.55,-82.22,-6.85,1,in_stock,EUR,2025-09-26T15:00:00Z
Boulanger,Apple,APPLE-MACBOOK-PRO-14-M3,MacBook Pro 14 M3,new,2025-10-03,1245.04,,,,,,False,1118.33,126.71,11.33,1,in_stock,EUR,2025-10-03T15:00:00Z
Boulanger,Apple,APPLE-MACBOOK-PRO-16-M2,MacBook Pro 16 M2,new,2025-09-12,1408.31,,352.08,,,,False,,,,2,in_stock,EUR,2025-09-12T07:00:00Z
Boulanger,Apple,APPLE-MACBOOK-PRO-16-M2,MacBook Pro 16 M2,used,2025-09-19,1541.14,,385.29,,,,False,1408.31,132.83,9.43,2,in_stock,EUR,2025-09-19T11:00:00Z
Boulanger,Apple,APPLE-MACBOOK-PRO-16-M2,MacBook Pro 16 M2,new,2025-09-26,1590.76,,397.69,,,,False,1541.14,49.62,3.22,3,preorder,EUR,2025-09-26T14:00:00Z
Boulanger,Apple,APPLE-MACBOOK-PRO-16-M2,MacBook Pro 16 M2,new,2025-10-03,1618.03,1468.97,,2025-10-01T14:00:00Z,2025-10-05T21:00:00Z,flash_sale,True,1590.76,27.27,1.71,3,in_stock,EUR,2025-10-03T16:00:00Z
Boulanger,Apple,APPLE-MACBOOK-PRO-16-M3,MacBook Pro 16 M3,new,2025-09-12,2276.05,,,,,,False,,,,4,in_stock,EUR,2025-09-12T18:00:00Z
Boulanger,Apple,APPLE-MACBOOK-PRO-16-M3,MacBook Pro 16 M3,new,2025-09-19,2235.9,,,,,,False,2276.05,-40.15,-1.76,4,in_stock,EUR,2025-09-19T16:00:00Z
Boulanger,Apple,APPLE-MACBOOK-PRO-16-M3,MacBook Pro 16 M3,new,2025-09-26,2251.85,,,,,,False,2235.9,15.95,0.71,4,in_stock,EUR,2025-09-26T14:00:00Z
Boulanger,Apple,APPLE-MACBOOK-PRO-16-M3,MacBook Pro 16 M3,new,2025-10-03,1973.5,,493.38,,,,False,2251.85,-278.35,-12.36,4,out_of_stock,EUR,2025-10-03T09:00:00Z
Boulanger,Dell,DELL-ALIENWARE-M16,Alienware m16,new,2025-09-12,993.89,,248.47,,,,False,,,,4,in_stock,EUR,2025-09-12T18:00:00Z
Boulanger,Dell,DELL-ALIENWARE-M16,Alienware m16,used,2025-09-19,1016.98,851.15,254.25,2025-09-18T07:00:00Z,2025-09-20T15:00:00Z,weekend_deal,True,993.89,23.09,2.32,4,in_stock,EUR,2025-09-19T18:00:00Z
Boulanger,Dell,DELL-ALIENWARE-M16,Alienware m16,new,2025-09-26,1048.68,955.53,,2025-09-29T12:00:00Z,2025-10-07T08:00:00Z,flash_sale,False,1016.98,31.7,3.12,4,in_stock,EUR,2025-09-26T08:00:00Z
Boulanger,Dell,DELL-ALIENWARE-M16,Alienware m16,new,2025-10-03,1028.42,,,,,,False,1048.68,-20.26,-1.93,4,out_of_stock,EUR,2025-10-03T16:00:00Z
Boulanger,Dell,DELL-CHROMEBOOK-3110,Chromebook 3110,new,2025-09-12,2155.79,,,,,,False,,,,9,out_of_stock,EUR,2025-09-12T09:00:00Z
Boulanger,Dell,DELL-CHROMEBOOK-3110,Chromebook 3110,new,2025-09-19,1990.78,,497.69,,,,False,2155.79,-165.01,-7.65,8,out_of_stock,EUR,2025-09-19T11:00:00Z
Boulanger,Dell,DELL-CHROMEBOOK-3110,Chromebook 3110,new,2025-09-26,1914.46,1696.21,,2025-09-27T13:00:00Z,2025-10-06T04:00:00Z,flash_sale,False,1990.78,-76.32,-3.83,8,preorder,EUR,2025-09-26T11:00:00Z
Boulanger,Dell,DELL-CHROMEBOOK-3110,Chromebook 3110,new,2025-10-03,2059.24,,,,,,False,1914.46,144.78,7.56,8,out_of_stock,EUR,2025-10-03T18:00:00Z
Boulanger,Dell,DELL-G15,G15,new,2025-09-12,1834.37,,,,,,False,,,,7,in_stock,EUR,2025-09-12T12:00:00Z
Boulanger,Dell,DELL-G15,G15,new,2025-09-19,1845.58,,,,,,False,1834.37,11.21,0.61,7,in_stock,EUR,2025-09-19T13:00:00Z
Boulanger,Dell,DELL-G15,G15,new,2025-09-26,1718.91,1606.69,,2025-09-26T14:00:00Z,2025-10-07T07:00:00Z,clearance,False,1845.58,-126.67,-6.86,7,in_stock,EUR,2025-09-26T07:00:00Z
Boulanger,Dell,DELL-G15,G15,new,2025-10-03,1935.04,,483.76,,,,False,1718.91,216.13,12.57,7,out_of_stock,EUR,2025-10-03T08:00:00Z
Boulanger,Dell,DELL-INSPIRON-14,Inspiron 14,new,2025-09-12,868.45,742.96,217.11,2025-09-10T09:00:00Z,2025-09-20T00:00:00Z,flash_sale,True,,,,3,out_of_stock,EUR,2025-09-12T11:00:00Z
Boulanger,Dell,DELL-INSPIRON-14,Inspiron 14,new,2025-09-19,920.57,848.81,,2025-09-17T13:00:00Z,2025-09-21T14:00:00Z,weekend_deal,True,868.45,52.12,6.0,3,out_of_stock,EUR,2025-09-19T11:00:00Z
Boulanger,Dell,DELL-INSPIRON-14,Inspiron 14,new,2025-09-26,809.92,,202.48,,,,False,920.57,-110.65,-12.02,3,in_stock,EUR,2025-09-26T12:00:00Z
Boulanger,Dell,DELL-INSPIRON-14,Inspiron 14,new,2025-10-03,808.35,,,,,,False,809.92,-1.57,-0.19,3,in_stock,EUR,2025-10-03T16:00:00Z
Boulanger,Dell,DELL-INSPIRON-16,Inspiron 16,new,2025-09-12,697.28,587.47,174.32,2025-09-15T03:00:00Z,2025-09-24T06:00:00Z,clearance,False,,,,1,in_stock,EUR,2025-09-12T14:00:00Z
Boulanger,Dell,DELL-INSPIRON-16,Inspiron 16,new,2025-09-19,742.27,,185.57,,,,False,697.28,44.99,6.45,2,preorder,EUR,2025-09-19T11:00:00Z
Boulanger,Dell,DELL-INSPIRON-16,Inspiron 16,new,2025-09-26,754.4,,188.6,,,,False,742.27,12.13,1.63,1,in_stock,EUR,2025-09-26T09:00:00Z
Boulanger,Dell,DELL-INSPIRON-16,Inspiron 16,new,2025-10-03,712.27,650.36,,2025-10-04T11:00:00Z,2025-10-12T00:00:00Z,clearance,False,754.4,-42.13,-5.58,2,out_of_stock,EUR,2025-10-03T13:00:00Z
Boulanger,Dell,DELL-LATITUDE-7440,Latitude 7440,new,2025-09-12,792.82,,198.21,,,,False,,,,2,preorder,EUR,2025-09-12T15:00:00Z
Boulanger,Dell,DELL-LATITUDE-7440,Latitude 7440,new,2025-09-19,716.74,,,,,,False,792.82,-76.08,-9.6,1,in_stock,EUR,2025-09-19T15:00:00Z
Boulanger,Dell,DELL-LATITUDE-7440,Latitude 7440,new,2025-09-26,767.84,,191.96,,,,False,716.74,51.1,7.13,2,in_stock,EUR,2025-09-26T12:00:00Z
Boulanger,Dell,DELL-LATITUDE-7440,Latitude 7440,new,2025-10-03,691.03,,172.76,,,,False,767.84,-76.81,-10.0,1,in_stock,EUR,2025-10-03T14:00:00Z
Boulanger,Dell,DELL-PRECISION-3580,Precision 3580,new,2025-09-12,1316.18,,329.05,,,,False,,,,5,in_stock,EUR,2025-09-12T14:00:00Z
Boulanger,Dell,DELL-PRECISION-3580,Precision 3580,new,2025-09-19,1408.97,,352.24,,,,False,1316.18,92.79,7.05,5,in_stock,EUR,2025-09-19T14:00:00Z
Boulanger,Dell,DELL-PRECISION-3580,Precision 3580,new,2025-09-26,1304.78,,,,,,False,1408.97,-104.19,-7.39,5,out_of_stock,EUR,2025-09-26T12:00:00Z
Boulanger,Dell,DELL-PRECISION-3580,Precision 3580,new,2025-10-03,1362.38,,340.6,,,,False,1304.78,57.6,4.41,5,in_stock,EUR,2025-10-03T15:00:00Z
Boulanger,Dell,DELL-VOSTRO-3520,Vostro 3520,new,2025-09-12,1752.4,,438.1,2025-09-15T13:00:00Z,2025-09-23T05:00:00Z,back_to_school,False,,,,6,in_stock,EUR,2025-09-12T16:00:00Z
Boulanger,Dell,DELL-VOSTRO-3520,Vostro 3520,new,2025-09-19,1659.45,1379.64,414.86,2025-09-17T14:00:00Z,2025-09-23T19:00:00Z,flash_sale,True,1752.4,-92.95,-5.3,6,out_of_stock,EUR,2025-09-19T09:00:00Z
Boulanger,Dell,DELL-VOSTRO-3520,Vostro 3520,new,2025-09-26,1552.66,,,,,,False,1659.45,-106.79,-6.44,6,in_stock,EUR,2025-09-26T11:00:00Z
Boulanger,Dell,DELL-VOSTRO-3520,Vostro 3520,new,2025-10-03,1622.95,,405.74,,,,False,1552.66,70.29,4.53,6,in_stock,EUR,2025-10-03T11:00:00Z
Boulanger,Dell,DELL-XPS-13,XPS 13,new,2025-09-12,2186.38,,546.6,,,,False,,,,10,in_stock,EUR,2025-09-12T14:00:00Z
Boulanger,Dell,DELL-XPS-13,XPS 13,new,2025-09-19,2065.66,,,,,,False,2186.38,-120.72,-5.52,9,in_stock,EUR,2025-09-19T11:00:00Z
Boulanger,Dell,DELL-XPS-13,XPS 13,new,2025-09-26,2138.85,,534.71,,,,False,2065.66,73.19,3.54,10,in_stock,EUR,2025-09-26T07:00:00Z
Boulanger,Dell,DELL-XPS-13,XPS 13,new,2025-10-03,2275.61,1888.87,,2025-10-01T07:00:00Z,2025-10-07T13:00:00Z,flash_sale,True,2138.85,136.76,6.39,10,out_of_stock,EUR,2025-10-03T15:00:00Z
Boulanger,Dell,DELL-XPS-15,XPS 15,new,2025-09-12,1978.71,1824.1,494.68,2025-09-15T12:00:00Z,2025-09-25T12:00:00Z,weekend_deal,False,,,,8,out_of_stock,EUR,2025-09-12T17:00:00Z
Boulanger,Dell,DELL-XPS-15,XPS 15,new,2025-09-19,2079.24,,,,,,False,1978.71,100.53,5.08,10,in_stock,EUR,2025-09-19T15:00:00Z
Boulanger,Dell,DELL-XPS-15,XPS 15,refurb,2025-09-26,2128.33,1947.33,,2025-09-25T10:00:00Z,2025-10-03T20:00:00Z,back_to_school,True,2079.24,49.09,2.36,9,in_stock,EUR,2025-09-26T16:00:00Z
Boulanger,Dell,DELL-XPS-15,XPS 15,new,2025-10-03,2139.66,,534.91,2025-09-30T08:00:00Z,2025-10-03T14:00:00Z,weekend_deal,False,2128.33,11.33,0.53,9,in_stock,EUR,2025-10-03T10:00:00Z
Boulanger,HP,HP-CHROMEBOOK-X2,Chromebook x2,new,2025-09-12,2086.27,,521.57,,,,False,,,,10,in_stock,EUR,2025-09-12T13:00:00Z
Boulanger,HP,HP-CHROMEBOOK-X2,Chromebook x2,new,2025-09-19,2007.95,,,,,,False,2086.27,-78.32,-3.75,10,in_stock,EUR,2025-09-19T16:00:00Z
Boulanger,HP,HP-CHROMEBOOK-X2,Chromebook x2,new,2025-09-26,1845.52,,461.38,,,,False,2007.95,-162.43,-8.09,10,in_stock,EUR,2025-09-26T08:00:00Z
Boulanger,HP,HP-CHROMEBOOK-X2,Chromebook x2,new,2025-10-03,1895.62,,,,,,False,1845.52,50.1,2.71,10,in_stock,EUR,2025-10-03T17:00:00Z
Boulanger,HP,HP-DRAGONFLY-G4,Dragonfly G4,new,2025-09-12,1099.74,,,,,,False,,,,2,preorder,EUR,2025-09-12T10:00:00Z
Boulanger,HP,HP-DRAGONFLY-G4,Dragonfly G4,new,2025-09-19,1207.13,,301.78,,,,False,1099.74,107.39,9.77,2,in_stock,EUR,2025-09-19T18:00:00Z
Boulanger,HP,HP-DRAGONFLY-G4,Dragonfly G4,new,2025-09-26,1082.12,878.64,270.53,2025-09-29T00:00:00Z,2025-10-04T01:00:00Z,weekend_deal,False,1207.13,-125.01,-10.36,2,preorder,EUR,2025-09-26T07:00:00Z
Boulanger,HP,HP-DRAGONFLY-G4,Dragonfly G4,refurb,2025-10-03,1031.87,,,,,,False,1082.12,-50.25,-4.64,2,in_stock,EUR,2025-10-03T16:00:00Z
Boulanger,HP,HP-ELITEBOOK-840,EliteBook 840,new,2025-09-12,1287.59,1056.78,321.9,2025-09-12T14:00:00Z,2025-09-19T19:00:00Z,flash_sale,False,,,,4,in_stock,EUR,2025-09-12T14:00:00Z
Boulanger,HP,HP-ELITEBOOK-840,EliteBook 840,new,2025-09-19,1407.82,,,2025-09-22T00:00:00Z,2025-09-29T10:00:00Z,flash_sale,False,1287.59,120.23,9.34,4,out_of_stock,EUR,2025-09-19T18:00:00Z
Boulanger,HP,HP-ELITEBOOK-840,EliteBook 840,new,2025-09-26,1474.7,,368.68,,,,False,1407.82,66.88,4.75,4,in_stock,EUR,2025-09-26T18:00:00Z
Boulanger,HP,HP-ELITEBOOK-840,EliteBook 840,new,2025-10-03,1431.11,,,,,,False,1474.7,-43.59,-2.96,5,in_stock,EUR,2025-10-03T18:00:00Z
Boulanger,HP,HP-ENVY-13,Envy 13,new,2025-09-12,1606.26,1398.03,401.56,2025-09-12T07:00:00Z,2025-09-19T01:00:00Z,back_to_school,False,,,,8,out_of_stock,EUR,2025-09-12T12:00:00Z
Boulanger,HP,HP-ENVY-13,Envy 13,new,2025-09-19,1650.13,,412.53,2025-09-20T20:00:00Z,2025-09-30T05:00:00Z,flash_sale,False,1606.26,43.87,2.73,9,out_of_stock,EUR,2025-09-19T18:00:00Z
Boulanger,HP,HP-ENVY-13,Envy 13,new,2025-09-26,1545.88,1375.31,386.47,2025-09-29T12:00:00Z,2025-10-09T21:00:00Z,weekend_deal,False,1650.13,-104.25,-6.32,6,in_stock,EUR,2025-09-26T09:00:00Z
Boulanger,HP,HP-ENVY-13,Envy 13,new,2025-10-03,1537.9,,,,,,False,1545.88,-7.98,-0.52,6,in_stock,EUR,2025-10-03T13:00:00Z
Boulanger,HP,HP-OMEN-16,Omen 16,new,2025-09-12,1455.65,,363.91,,,,False,,,,6,preorder,EUR,2025-09-12T10:00:00Z
Boulanger,HP,HP-OMEN-16,Omen 16,new,2025-09-19,1613.63,,403.41,,,,False,1455.65,157.98,10.85,7,in_stock,EUR,2025-09-19T15:00:00Z
Boulanger,HP,HP-OMEN-16,Omen 16,new,2025-09-26,1584.31,,,,,,False,1613.63,-29.32,-1.82,8,in_stock,EUR,2025-09-26T13:00:00Z
Boulanger,HP,HP-OMEN-16,Omen 16,new,2025-10-03,1649.16,,,,,,False,1584.31,64.85,4.09,9,in_stock,EUR,2025-10-03T16:00:00Z
Boulanger,HP,HP-PAVILION-14,Pavilion 14,new,2025-09-12,890.93,,222.73,,,,False,,,,1,out_of_stock,EUR,2025-09-12T12:00:00Z
Boulanger,HP,HP-PAVILION-14,Pavilion 14,new,2025-09-19,893.49,838.96,223.37,2025-09-16T18:00:00Z,2025-09-27T00:00:00Z,back_to_school,True,890.93,2.56,0.29,1,out_of_stock,EUR,2025-09-19T11:00:00Z
Boulanger,HP,HP-PAVILION-14,Pavilion 14,new,2025-09-26,877.28,,219.32,,,,False,893.49,-16.21,-1.81,1,out_of_stock,EUR,2025-09-26T15:00:00Z
Boulanger,HP,HP-PAVILION-14,Pavilion 14,new,2025-10-03,897.49,,,,,,False,877.28,20.21,2.3,1,in_stock,EUR,2025-10-03T07:00:00Z
Boulanger,HP,HP-PROBOOK-440,ProBook 440,new,2025-09-12,1856.2,,464.05,,,,False,,,,9,out_of_stock,EUR,2025-09-12T14:00:00Z
Boulanger,HP,HP-PROBOOK-440,ProBook 440,new,2025-09-19,1580.94,,,,,,False,1856.2,-275.26,-14.83,6,in_stock,EUR,2025-09-19T15:00:00Z
Boulanger,HP,HP-PROBOOK-440,ProBook 440,new,2025-09-26,1613.75,,403.44,,,,False,1580.94,32.81,2.08,9,out_of_stock,EUR,2025-09-26T08:00:00Z
Boulanger,HP,HP-PROBOOK-440,ProBook 440,new,2025-10-03,1569.94,,392.49,2025-10-02T14:00:00Z,2025-10-06T15:00:00Z,clearance,False,1613.75,-43.81,-2.71,7,out_of_stock,EUR,2025-10-03T17:00:00Z
Boulanger,HP,HP-SPECTRE-X360,Spectre x360,new,2025-09-12,1115.97,,278.99,,,,False,,,,3,in_stock,EUR,2025-09-12T14:00:00Z
Boulanger,HP,HP-SPECTRE-X360,Spectre x360,new,2025-09-19,1286.47,,,,,,False,1115.97,170.5,15.28,3,in_stock,EUR,2025-09-19T12:00:00Z
Boulanger,HP,HP-SPECTRE-X360,Spectre x360,new,2025-09-26,1166.03,,291.51,,,,False,1286.47,-120.44,-9.36,3,in_stock,EUR,2025-09-26T11:00:00Z
Boulanger,HP,HP-SPECTRE-X360,Spectre x360,new,2025-10-03,1266.74,,316.69,,,,False,1166.03,100.71,8.64,3,in_stock,EUR,2025-10-03T10:00:00Z
Boulanger,HP,HP-VICTUS-15,Victus 15,new,2025-09-12,1604.13,,401.03,,,,False,,,,7,in_stock,EUR,2025-09-12T07:00:00Z
Boulanger,HP,HP-VICTUS-15,Victus 15,new,2025-09-19,1639.3,1337.72,409.82,2025-09-21T10:00:00Z,2025-10-01T02:00:00Z,weekend_deal,False,1604.13,35.17,2.19,8,preorder,EUR,2025-09-19T12:00:00Z
Boulanger,HP,HP-VICTUS-15,Victus 15,used,2025-09-26,1543.84,1428.71,,2025-09-28T05:00:00Z,2025-10-01T05:00:00Z,clearance,False,1639.3,-95.46,-5.82,5,in_stock,EUR,2025-09-26T18:00:00Z
Boulanger,HP,HP-VICTUS-15,Victus 15,new,2025-10-03,1570.76,1464.1,,2025-10-03T05:00:00Z,2025-10-06T10:00:00Z,clearance,False,1543.84,26.92,1.74,8,in_stock,EUR,2025-10-03T11:00:00Z
Boulanger,HP,HP-ZBOOK-FIREFLY,ZBook Firefly,new,2025-09-12,1294.68,1081.49,,2025-09-10T18:00:00Z,2025-09-16T20:00:00Z,clearance,True,,,,5,out_of_stock,EUR,2025-09-12T10:00:00Z
Boulanger,HP,HP-ZBOOK-FIREFLY,ZBook Firefly,new,2025-09-19,1520.56,,,,,,False,1294.68,225.88,17.45,5,in_stock,EUR,2025-09-19T16:00:00Z
Boulanger,HP,HP-ZBOOK-FIREFLY,ZBook Firefly,new,2025-09-26,1549.7,,,,,,False,1520.56,29.14,1.92,7,in_stock,EUR,2025-09-26T16:00:00Z
Boulanger,HP,HP-ZBOOK-FIREFLY,ZBook Firefly,new,2025-10-03,1363.69,1250.26,340.92,2025-09-30T16:00:00Z,2025-10-05T05:00:00Z,weekend_deal,True,1549.7,-186.01,-12.0,4,in_stock,EUR,2025-10-03T12:00:00Z
Boulanger,Lenovo,LENOVO-IDEAPAD-5,IdeaPad 5,refurb,2025-09-12,1001.98,,,,,,False,,,,3,in_stock,EUR,2025-09-12T15:00:00Z
Boulanger,Lenovo,LENOVO-IDEAPAD-5,IdeaPad 5,new,2025-09-19,878.86,,219.72,,,,False,1001.98,-123.12,-12.29,3,in_stock,EUR,2025-09-19T12:00:00Z
Boulanger,Lenovo,LENOVO-IDEAPAD-5,IdeaPad 5,used,2025-09-26,1023.6,,255.9,,,,False,878.86,144.74,16.47,3,preorder,EUR,2025-09-26T08:00:00Z
Boulanger,Lenovo,LENOVO-IDEAPAD-5,IdeaPad 5,new,2025-10-03,1032.37,,258.09,,,,False,1023.6,8.77,0.86,3,in_stock,EUR,2025-10-03T08:00:00Z
Boulanger,Lenovo,LENOVO-IDEAPAD-FLEX-5,IdeaPad Flex 5,new,2025-09-12,692.59,,173.15,,,,False,,,,1,in_stock,EUR,2025-09-12T08:00:00Z
Boulanger,Lenovo,LENOVO-IDEAPAD-FLEX-5,IdeaPad Flex 5,new,2025-09-19,664.47,,166.12,,,,False,692.59,-28.12,-4.06,1,in_stock,EUR,2025-09-19T17:00:00Z
Boulanger,Lenovo,LENOVO-IDEAPAD-FLEX-5,IdeaPad Flex 5,new,2025-09-26,638.36,,159.59,,,,False,664.47,-26.11,-3.93,1,in_stock,EUR,2025-09-26T10:00:00Z
Boulanger,Lenovo,LENOVO-IDEAPAD-FLEX-5,IdeaPad Flex 5,new,2025-10-03,662.05,,,,,,False,638.36,23.69,3.71,1,in_stock,EUR,2025-10-03T07:00:00Z
Boulanger,Lenovo,LENOVO-LEGION-5,Legion 5,refurb,2025-09-12,1713.81,1416.23,428.45,2025-09-10T02:00:00Z,2025-09-12T07:00:00Z,back_to_school,True,,,,6,in_stock,EUR,2025-09-12T14:00:00Z
Boulanger,Lenovo,LENOVO-LEGION-5,Legion 5,new,2025-09-19,1979.28,,494.82,,,,False,1713.81,265.47,15.49,7,in_stock,EUR,2025-09-19T18:00:00Z
Boulanger,Lenovo,LENOVO-LEGION-5,Legion 5,new,2025-09-26,1950.37,,,,,,False,1979.28,-28.91,-1.46,8,in_stock,EUR,2025-09-26T14:00:00Z
Boulanger,Lenovo,LENOVO-LEGION-5,Legion 5,new,2025-10-03,1708.72,1382.42,,2025-10-05T13:00:00Z,2025-10-08T19:00:00Z,weekend_deal,False,1950.37,-241.65,-12.39,6,in_stock,EUR,2025-10-03T14:00:00Z
Boulanger,Lenovo,LENOVO-LOQ-15,LOQ 15,new,2025-09-12,1654.11,,,,,,False,,,,5,in_stock,EUR,2025-09-12T10:00:00Z
Boulanger,Lenovo,LENOVO-LOQ-15,LOQ 15,new,2025-09-19,1684.03,,421.01,,,,False,1654.11,29.92,1.81,5,preorder,EUR,2025-09-19T18:00:00Z
Boulanger,Lenovo,LENOVO-LOQ-15,LOQ 15,new,2025-09-26,1579.56,,,,,,False,1684.03,-104.47,-6.2,5,out_of_stock,EUR,2025-09-26T15:00:00Z
Boulanger,Lenovo,LENOVO-LOQ-15,LOQ 15,new,2025-10-03,1600.57,,400.14,,,,False,1579.56,21.01,1.33,5,in_stock,EUR,2025-10-03T16:00:00Z
Boulanger,Lenovo,LENOVO-SLIM-7-PRO,Slim 7 Pro,new,2025-09-12,1980.95,,495.24,,,,False,,,,7,in_stock,EUR,2025-09-12T13:00:00Z
Boulanger,Lenovo,LENOVO-SLIM-7-PRO,Slim 7 Pro,used,2025-09-19,2154.4,2002.26,538.6,2025-09-16T13:00:00Z,2025-09-24T04:00:00Z,flash_sale,True,1980.95,173.45,8.76,9,preorder,EUR,2025-09-19T09:00:00Z
Boulanger,Lenovo,LENOVO-SLIM-7-PRO,Slim 7 Pro,new,2025-09-26,2151.25,,537.81,,,,False,2154.4,-3.15,-0.15,10,preorder,EUR,2025-09-26T08:00:00Z
Boulanger,Lenovo,LENOVO-SLIM-7-PRO,Slim 7 Pro,refurb,2025-10-03,2014.23,1687.43,503.56,2025-09-30T18:00:00Z,2025-10-09T11:00:00Z,flash_sale,True,2151.25,-137.02,-6.37,9,in_stock,EUR,2025-10-03T13:00:00Z
Boulanger,Lenovo,LENOVO-THINKBOOK-14,ThinkBook 14,new,2025-09-12,2222.0,,,,,,False,,,,9,in_stock,EUR,2025-09-12T08:00:00Z
Boulanger,Lenovo,LENOVO-THINKBOOK-14,ThinkBook 14,new,2025-09-19,2218.6,1783.9,,2025-09-19T06:00:00Z,2025-09-24T14:00:00Z,back_to_school,False,2222.0,-3.4,-0.15,10,in_stock,EUR,2025-09-19T10:00:00Z
Boulanger,Lenovo,LENOVO-THINKBOOK-14,ThinkBook 14,new,2025-09-26,1930.49,,482.62,,,,False,2218.6,-288.11,-12.99,7,in_stock,EUR,2025-09-26T14:00:00Z
Boulanger,Lenovo,LENOVO-THINKBOOK-14,ThinkBook 14,new,2025-10-03,2234.07,,558.52,2025-10-01T08:00:00Z,2025-10-11T10:00:00Z,clearance,False,1930.49,303.58,15.73,10,in_stock,EUR,2025-10-03T13:00:00Z
Boulanger,Lenovo,LENOVO-THINKPAD-T14,ThinkPad T14,used,2025-09-12,2232.76,,,,,,False,,,,10,preorder,EUR,2025-09-12T17:00:00Z
Boulanger,Lenovo,LENOVO-THINKPAD-T14,ThinkPad T14,new,2025-09-19,1951.33,,487.83,,,,False,2232.76,-281.43,-12.6,6,preorder,EUR,2025-09-19T12:00:00Z
Boulanger,Lenovo,LENOVO-THINKPAD-T14,ThinkPad T14,new,2025-09-26,2150.42,1819.21,537.61,2025-09-26T00:00:00Z,2025-10-01T17:00:00Z,back_to_school,True,1951.33,199.09,10.2,9,in_stock,EUR,2025-09-26T17:00:00Z
Boulanger,Lenovo,LENOVO-THINKPAD-T14,ThinkPad T14,new,2025-10-03,1865.4,1580.21,,2025-10-06T02:00:00Z,2025-10-13T18:00:00Z,flash_sale,False,2150.42,-285.02,-13.25,8,in_stock,EUR,2025-10-03T14:00:00Z
Boulanger,Lenovo,LENOVO-THINKPAD-X1-CARBON,ThinkPad X1 Carbon,new,2025-09-12,900.25,794.4,225.06,2025-09-10T05:00:00Z,2025-09-20T07:00:00Z,clearance,True,,,,2,in_stock,EUR,2025-09-12T10:00:00Z
Boulanger,Lenovo,LENOVO-THINKPAD-X1-CARBON,ThinkPad X1 Carbon,new,2025-09-19,809.68,,202.42,,,,False,900.25,-90.57,-10.06,2,in_stock,EUR,2025-09-19T13:00:00Z
Boulanger,Lenovo,LENOVO-THINKPAD-X1-CARBON,ThinkPad X1 Carbon,new,2025-09-26,887.49,,,,,,False,809.68,77.81,9.61,2,in_stock,EUR,2025-09-26T13:00:00Z
Boulanger,Lenovo,LENOVO-THINKPAD-X1-CARBON,ThinkPad X1 Carbon,new,2025-10-03,833.21,,208.3,,,,False,887.49,-54.28,-6.12,2,out_of_stock,EUR,2025-10-03T08:00:00Z
Boulanger,Lenovo,LENOVO-YOGA-7,Yoga 7,new,2025-09-12,2003.38,,500.85,,,,False,,,,8,in_stock,EUR,2025-09-12T14:00:00Z
Boulanger,Lenovo,LENOVO-YOGA-7,Yoga 7,new,2025-09-19,2053.52,1884.93,,2025-09-18T02:00:00Z,2025-09-25T16:00:00Z,back_to_school,True,2003.38,50.14,2.5,8,in_stock,EUR,2025-09-19T15:00:00Z
Boulanger,Lenovo,LENOVO-YOGA-7,Yoga 7,new,2025-09-26,1835.79,,,,,,False,2053.52,-217.73,-10.6,6,preorder,EUR,2025-09-26T13:00:00Z
Boulanger,Lenovo,LENOVO-YOGA-7,Yoga 7,new,2025-10-03,1837.73,1511.68,,2025-10-01T17:00:00Z,2025-10-06T21:00:00Z,weekend_deal,True,1835.79,1.94,0.11,7,in_stock,EUR,2025-10-03T11:00:00Z
Boulanger,Lenovo,LENOVO-YOGA-SLIM-7,Yoga Slim 7,new,2025-09-12,1038.88,,259.72,,,,False,,,,4,in_stock,EUR,2025-09-12T11:00:00Z
Boulanger,Lenovo,LENOVO-YOGA-SLIM-7,Yoga Slim 7,new,2025-09-19,1085.25,,,,,,False,1038.88,46.37,4.46,4,out_of_stock,EUR,2025-09-19T18:00:00Z
Boulanger,Lenovo,LENOVO-YOGA-SLIM-7,Yoga Slim 7,new,2025-09-26,1175.09,,293.77,,,,False,1085.25,89.84,8.28,4,in_stock,EUR,2025-09-26T17:00:00Z
Boulanger,Lenovo,LENOVO-YOGA-SLIM-7,Yoga Slim 7,new,2025-10-03,1060.1,959.96,265.02,2025-10-04T11:00:00Z,2025-10-15T03:00:00Z,weekend_deal,False,1175.09,-114.99,-9.79,4,in_stock,EUR,2025-10-03T08:00:00Z
Boulanger,Samsung,SAMSUNG-GALAXY-BOOK-FLEX2,Galaxy Book Flex2,new,2025-09-12,953.28,,,,,,False,,,,1,in_stock,EUR,2025-09-12T16:00:00Z
Boulanger,Samsung,SAMSUNG-GALAXY-BOOK-FLEX2,Galaxy Book Flex2,new,2025-09-19,933.06,,233.26,,,,False,953.28,-20.22,-2.12,1,in_stock,EUR,2025-09-19T11:00:00Z
Boulanger,Samsung,SAMSUNG-GALAXY-BOOK-FLEX2,Galaxy Book Flex2,new,2025-09-26,981.79,,245.45,2025-09-24T05:00:00Z,2025-09-30T07:00:00Z,weekend_deal,False,933.06,48.73,5.22,1,in_stock,EUR,2025-09-26T14:00:00Z
Boulanger,Samsung,SAMSUNG-GALAXY-BOOK-FLEX2,Galaxy Book Flex2,new,2025-10-03,1012.63,,,,,,False,981.79,30.84,3.14,1,in_stock,EUR,2025-10-03T13:00:00Z
Boulanger,Samsung,SAMSUNG-GALAXY-BOOK-GO,Galaxy Book Go,new,2025-09-12,1767.67,,,2025-09-15T04:00:00Z,2025-09-17T12:00:00Z,clearance,False,,,,5,out_of_stock,EUR,2025-09-12T08:00:00Z
Boulanger,Samsung,SAMSUNG-GALAXY-BOOK-GO,Galaxy Book Go,new,2025-09-19,1696.18,,424.05,,,,False,1767.67,-71.49,-4.04,4,in_stock,EUR,2025-09-19T14:00:00Z
Boulanger,Samsung,SAMSUNG-GALAXY-BOOK-GO,Galaxy Book Go,new,2025-09-26,1618.48,1465.36,404.62,2025-09-24T13:00:00Z,2025-10-05T06:00:00Z,back_to_school,True,1696.18,-77.7,-4.58,4,in_stock,EUR,2025-09-26T15:00:00Z
Boulanger,Samsung,SAMSUNG-GALAXY-BOOK-GO,Galaxy Book Go,new,2025-10-03,1764.64,,,,,,False,1618.48,146.16,9.03,4,out_of_stock,EUR,2025-10-03T08:00:00Z
Boulanger,Samsung,SAMSUNG-GALAXY-BOOK-ION,Galaxy Book Ion,new,2025-09-12,1116.48,,,,,,False,,,,2,in_stock,EUR,2025-09-12T07:00:00Z
Boulanger,Samsung,SAMSUNG-GALAXY-BOOK-ION,Galaxy Book Ion,new,2025-09-19,1241.79,,310.45,,,,False,1116.48,125.31,11.22,2,in_stock,EUR,2025-09-19T10:00:00Z
Boulanger,Samsung,SAMSUNG-GALAXY-BOOK-ION,Galaxy Book Ion,new,2025-09-26,1325.73,,331.43,,,,False,1241.79,83.94,6.76,2,in_stock,EUR,2025-09-26T13:00:00Z
Boulanger,Samsung,SAMSUNG-GALAXY-BOOK-ION,Galaxy Book Ion,new,2025-10-03,1342.85,1201.01,335.71,2025-10-01T15:00:00Z,2025-10-09T17:00:00Z,flash_sale,True,1325.73,17.12,1.29,2,out_of_stock,EUR,2025-10-03T13:00:00Z
Boulanger,Samsung,SAMSUNG-GALAXY-BOOK2-360,Galaxy Book2 360,new,2025-09-12,1607.81,1372.66,,2025-09-11T06:00:00Z,2025-09-14T20:00:00Z,flash_sale,True,,,,3,in_stock,EUR,2025-09-12T12:00:00Z
Boulanger,Samsung,SAMSUNG-GALAXY-BOOK2-360,Galaxy Book2 360,new,2025-09-19,1402.47,,350.62,,,,False,1607.81,-205.34,-12.77,3,out_of_stock,EUR,2025-09-19T10:00:00Z
Boulanger,Samsung,SAMSUNG-GALAXY-BOOK2-360,Galaxy Book2 360,new,2025-09-26,1557.3,,389.32,,,,False,1402.47,154.83,11.04,3,in_stock,EUR,2025-09-26T16:00:00Z
Boulanger,Samsung,SAMSUNG-GALAXY-BOOK2-360,Galaxy Book2 360,new,2025-10-03,1507.5,,,,,,False,1557.3,-49.8,-3.2,3,in_stock,EUR,2025-10-03T15:00:00Z
Boulanger,Samsung,SAMSUNG-GALAXY-BOOK3,Galaxy Book3,new,2025-09-12,1728.21,,432.05,,,,False,,,,4,preorder,EUR,2025-09-12T13:00:00Z
Boulanger,Samsung,SAMSUNG-GALAXY-BOOK3,Galaxy Book3,new,2025-09-19,1800.76,,450.19,,,,False,1728.21,72.55,4.2,5,in_stock,EUR,2025-09-19T10:00:00Z
Boulanger,Samsung,SAMSUNG-GALAXY-BOOK3,Galaxy Book3,new,2025-09-26,1844.14,1630.71,461.04,2025-09-23T11:00:00Z,2025-09-29T14:00:00Z,flash_sale,True,1800.76,43.38,2.41,5,in_stock,EUR,2025-09-26T13:00:00Z
Boulanger,Samsung,SAMSUNG-GALAXY-BOOK3,Galaxy Book3,new,2025-10-03,1772.52,,,,,,False,1844.14,-71.62,-3.88,5,in_stock,EUR,2025-10-03T15:00:00Z
Boulanger,Samsung,SAMSUNG-GALAXY-BOOK3-360,Galaxy Book3 360,new,2025-09-12,2645.94,2463.33,661.49,2025-09-15T07:00:00Z,2025-09-22T07:00:00Z,clearance,False,,,,10,in_stock,EUR,2025-09-12T08:00:00Z
Boulanger,Samsung,SAMSUNG-GALAXY-BOOK3-360,Galaxy Book3 360,new,2025-09-19,2545.94,,,,,,False,2645.94,-100.0,-3.78,9,in_stock,EUR,2025-09-19T10:00:00Z
Boulanger,Samsung,SAMSUNG-GALAXY-BOOK3-360,Galaxy Book3 360,new,2025-09-26,2737.6,,684.4,,,,False,2545.94,191.66,7.53,10,in_stock,EUR,2025-09-26T17:00:00Z
Boulanger,Samsung,SAMSUNG-GALAXY-BOOK3-360,Galaxy Book3 360,new,2025-10-03,2690.42,,672.61,,,,False,2737.6,-47.18,-1.72,10,in_stock,EUR,2025-10-03T13:00:00Z
Boulanger,Samsung,SAMSUNG-GALAXY-BOOK3-PRO,Galaxy Book3 Pro,new,2025-09-12,2377.66,,,,,,False,,,,9,out_of_stock,EUR,2025-09-12T16:00:00Z
Boulanger,Samsung,SAMSUNG-GALAXY-BOOK3-PRO,Galaxy Book3 Pro,new,2025-09-19,2127.24,,531.81,,,,False,2377.66,-250.42,-10.53,7,in_stock,EUR,2025-09-19T16:00:00Z
Boulanger,Samsung,SAMSUNG-GALAXY-BOOK3-PRO,Galaxy Book3 Pro,new,2025-09-26,2333.61,,583.4,,,,False,2127.24,206.37,9.7,7,in_stock,EUR,2025-09-26T16:00:00Z
Boulanger,Samsung,SAMSUNG-GALAXY-BOOK3-PRO,Galaxy Book3 Pro,new,2025-10-03,2294.14,,573.53,,,,False,2333.61,-39.47,-1.69,7,in_stock,EUR,2025-10-03T08:00:00Z
Boulanger,Samsung,SAMSUNG-GALAXY-BOOK3-ULTRA,Galaxy Book3 Ultra,new,2025-09-12,2363.45,,590.86,,,,False,,,,7,out_of_stock,EUR,2025-09-12T10:00:00Z
Boulanger,Samsung,SAMSUNG-GALAXY-BOOK3-ULTRA,Galaxy Book3 Ultra,new,2025-09-19,2588.68,,,,,,False,2363.45,225.23,9.53,10,in_stock,EUR,2025-09-19T11:00:00Z
Boulanger,Samsung,SAMSUNG-GALAXY-BOOK3-ULTRA,Galaxy Book3 Ultra,new,2025-09-26,2687.13,,,,,,False,2588.68,98.45,3.8,9,in_stock,EUR,2025-09-26T13:00:00Z
Boulanger,Samsung,SAMSUNG-GALAXY-BOOK3-ULTRA,Galaxy Book3 Ultra,new,2025-10-03,2632.61,,658.15,,,,False,2687.13,-54.52,-2.03,8,in_stock,EUR,2025-10-03T11:00:00Z
Boulanger,Samsung,SAMSUNG-GALAXY-BOOK4,Galaxy Book4,new,2025-09-12,1856.07,,,2025-09-11T06:00:00Z,2025-09-20T20:00:00Z,clearance,False,,,,6,in_stock,EUR,2025-09-12T15:00:00Z
Boulanger,Samsung,SAMSUNG-GALAXY-BOOK4,Galaxy Book4,new,2025-09-19,1975.64,,493.91,,,,False,1856.07,119.57,6.44,6,in_stock,EUR,2025-09-19T07:00:00Z
Boulanger,Samsung,SAMSUNG-GALAXY-BOOK4,Galaxy Book4,new,2025-09-26,1947.91,1819.92,,2025-09-23T01:00:00Z,2025-09-29T01:00:00Z,back_to_school,True,1975.64,-27.73,-1.4,6,out_of_stock,EUR,2025-09-26T09:00:00Z
Boulanger,Samsung,SAMSUNG-GALAXY-BOOK4,Galaxy Book4,new,2025-10-03,1898.29,1617.84,474.57,2025-10-06T10:00:00Z,2025-10-14T21:00:00Z,flash_sale,False,1947.91,-49.62,-2.55,6,out_of_stock,EUR,2025-10-03T13:00:00Z
Boulanger,Samsung,SAMSUNG-GALAXY-BOOK4-PRO,Galaxy Book4 Pro,new,2025-09-12,2371.47,,592.87,,,,False,,,,8,in_stock,EUR,2025-09-12T14:00:00Z
Boulanger,Samsung,SAMSUNG-GALAXY-BOOK4-PRO,Galaxy Book4 Pro,new,2025-09-19,2537.34,,,,,,False,2371.47,165.87,6.99,8,in_stock,EUR,2025-09-19T11:00:00Z
Boulanger,Samsung,SAMSUNG-GALAXY-BOOK4-PRO,Galaxy Book4 Pro,new,2025-09-26,2531.91,2140.8,632.98,2025-09-26T08:00:00Z,2025-10-01T16:00:00Z,flash_sale,False,2537.34,-5.43,-0.21,8,in_stock,EUR,2025-09-26T15:00:00Z
Boulanger,Samsung,SAMSUNG-GALAXY-BOOK4-PRO,Galaxy Book4 Pro,new,2025-10-03,2659.08,,664.77,,,,False,2531.91,127.17,5.02,9,preorder,EUR,2025-10-03T09:00:00Z
Fnac,ASUS,ASUS-CHROMEBOOK-FLIP-CX5,Chromebook Flip CX5,new,2025-09-12,1888.51,,472.13,,,,False,,,,8,in_stock,EUR,2025-09-12T10:00:00Z
Fnac,ASUS,ASUS-CHROMEBOOK-FLIP-CX5,Chromebook Flip CX5,refurb,2025-09-19,2019.27,,504.82,,,,False,1888.51,130.76,6.92,9,in_stock,EUR,2025-09-19T08:00:00Z
Fnac,ASUS,ASUS-CHROMEBOOK-FLIP-CX5,Chromebook Flip CX5,new,2025-09-26,1946.19,,486.55,,,,False,2019.27,-73.08,-3.62,8,in_stock,EUR,2025-09-26T18:00:00Z
Fnac,ASUS,ASUS-CHROMEBOOK-FLIP-CX5,Chromebook Flip CX5,new,2025-10-03,1838.27,,459.57,,,,False,1946.19,-107.92,-5.55,8,in_stock,EUR,2025-10-03T17:00:00Z
Fnac,ASUS,ASUS-EXPERTBOOK-B5,ExpertBook B5,new,2025-09-12,961.54,,,,,,False,,,,3,in_stock,EUR,2025-09-12T15:00:00Z
Fnac,ASUS,ASUS-EXPERTBOOK-B5,ExpertBook B5,new,2025-09-19,925.37,823.58,,2025-09-21T10:00:00Z,2025-09-27T13:00:00Z,back_to_school,False,961.54,-36.17,-3.76,3,preorder,EUR,2025-09-19T12:00:00Z
Fnac,ASUS,ASUS-EXPERTBOOK-B5,ExpertBook B5,new,2025-09-26,1016.99,912.97,254.25,2025-09-26T03:00:00Z,2025-10-01T12:00:00Z,flash_sale,False,925.37,91.62,9.9,3,in_stock,EUR,2025-09-26T08:00:00Z
Fnac,ASUS,ASUS-EXPERTBOOK-B5,ExpertBook B5,new,2025-10-03,1020.69,,,,,,False,1016.99,3.7,0.36,3,out_of_stock,EUR,2025-10-03T09:00:00Z
Fnac,ASUS,ASUS-PROART-STUDIOBOOK,ProArt Studiobook,new,2025-09-12,761.35,,,,,,False,,,,2,in_stock,EUR,2025-09-12T17:00:00Z
Fnac,ASUS,ASUS-PROART-STUDIOBOOK,ProArt Studiobook,new,2025-09-19,875.37,,218.84,,,,False,761.35,114.02,14.98,2,in_stock,EUR,2025-09-19T12:00:00Z
Fnac,ASUS,ASUS-PROART-STUDIOBOOK,ProArt Studiobook,new,2025-09-26,855.81,,213.95,,,,False,875.37,-19.56,-2.23,2,out_of_stock,EUR,2025-09-26T07:00:00Z
Fnac,ASUS,ASUS-PROART-STUDIOBOOK,ProArt Studiobook,new,2025-10-03,806.23,,,,,,False,855.81,-49.58,-5.79,2,in_stock,EUR,2025-10-03T16:00:00Z
Fnac,ASUS,ASUS-ROG-STRIX-G16,ROG Strix G16,new,2025-09-12,1745.6,,436.4,,,,False,,,,7,in_stock,EUR,2025-09-12T08:00:00Z
Fnac,ASUS,ASUS-ROG-STRIX-G16,ROG Strix G16,new,2025-09-19,1539.62,1452.86,384.9,2025-09-19T19:00:00Z,2025-09-28T00:00:00Z,weekend_deal,False,1745.6,-205.98,-11.8,6,in_stock,EUR,2025-09-19T13:00:00Z
Fnac,ASUS,ASUS-ROG-STRIX-G16,ROG Strix G16,new,2025-09-26,1696.0,,424.0,,,,False,1539.62,156.38,10.16,7,preorder,EUR,2025-09-26T11:00:00Z
Fnac,ASUS,ASUS-ROG-STRIX-G16,ROG Strix G16,new,2025-10-03,1580.23,,,,,,False,1696.0,-115.77,-6.83,6,in_stock,EUR,2025-10-03T16:00:00Z
Fnac,ASUS,ASUS-ROG-ZEPHYRUS-G14,ROG Zephyrus G14,new,2025-09-12,2468.24,,,,,,False,,,,10,in_stock,EUR,2025-09-12T07:00:00Z
Fnac,ASUS,ASUS-ROG-ZEPHYRUS-G14,ROG Zephyrus G14,new,2025-09-19,2162.97,,540.74,,,,False,2468.24,-305.27,-12.37,10,in_stock,EUR,2025-09-19T11:00:00Z
Fnac,ASUS,ASUS-ROG-ZEPHYRUS-G14,ROG Zephyrus G14,new,2025-09-26,2282.96,,,,,,False,2162.97,119.99,5.55,10,in_stock,EUR,2025-09-26T15:00:00Z
Fnac,ASUS,ASUS-ROG-ZEPHYRUS-G14,ROG Zephyrus G14,new,2025-10-03,2189.65,1923.09,,2025-10-03T12:00:00Z,2025-10-12T20:00:00Z,weekend_deal,False,2282.96,-93.31,-4.09,10,out_of_stock,EUR,2025-10-03T09:00:00Z
Fnac,ASUS,ASUS-TUF-GAMING-A15,TUF Gaming A15,new,2025-09-12,1076.33,,,,,,False,,,,4,in_stock,EUR,2025-09-12T17:00:00Z
Fnac,ASUS,ASUS-TUF-GAMING-A15,TUF Gaming A15,new,2025-09-19,1146.08,,,,,,False,1076.33,69.75,6.48,4,out_of_stock,EUR,2025-09-19T10:00:00Z
Fnac,ASUS,ASUS-TUF-GAMING-A15,TUF Gaming A15,new,2025-09-26,1054.17,,263.54,,,,False,1146.08,-91.91,-8.02,4,in_stock,EUR,2025-09-26T07:00:00Z
Fnac,ASUS,ASUS-TUF-GAMING-A15,TUF Gaming A15,new,2025-10-03,1054.14,,,2025-10-06T05:00:00Z,2025-10-09T18:00:00Z,weekend_deal,False,1054.17,-0.03,-0.0,4,in_stock,EUR,2025-10-03T13:00:00Z
Fnac,ASUS,ASUS-VIVOBOOK-15,Vivobook 15,new,2025-09-12,1590.26,,397.56,,,,False,,,,6,in_stock,EUR,2025-09-12T17:00:00Z
Fnac,ASUS,ASUS-VIVOBOOK-15,Vivobook 15,new,2025-09-19,1611.28,1334.58,402.82,2025-09-20T10:00:00Z,2025-09-25T00:00:00Z,weekend_deal,False,1590.26,21.02,1.32,7,out_of_stock,EUR,2025-09-19T14:00:00Z
Fnac,ASUS,ASUS-VIVOBOOK-15,Vivobook 15,new,2025-09-26,1410.45,,352.61,,,,False,1611.28,-200.83,-12.46,6,in_stock,EUR,2025-09-26T15:00:00Z
Fnac,ASUS,ASUS-VIVOBOOK-15,Vivobook 15,used,2025-10-03,1584.19,,396.05,,,,False,1410.45,173.74,12.32,7,in_stock,EUR,2025-10-03T18:00:00Z
Fnac,ASUS,ASUS-VIVOBOOK-S14,Vivobook S14,new,2025-09-12,1951.64,,,,,,False,,,,9,in_stock,EUR,2025-09-12T08:00:00Z
Fnac,ASUS,ASUS-VIVOBOOK-S14,Vivobook S14,new,2025-09-19,1974.68,,,,,,False,1951.64,23.04,1.18,8,in_stock,EUR,2025-09-19T12:00:00Z
Fnac,ASUS,ASUS-VIVOBOOK-S14,Vivobook S14,used,2025-09-26,1980.79,,495.2,,,,False,1974.68,6.11,0.31,9,in_stock,EUR,2025-09-26T08:00:00Z
Fnac,ASUS,ASUS-VIVOBOOK-S14,Vivobook S14,new,2025-10-03,1900.52,1539.13,,2025-10-02T20:00:00Z,2025-10-11T00:00:00Z,flash_sale,True,1980.79,-80.27,-4.05,9,in_stock,EUR,2025-10-03T14:00:00Z
Fnac,ASUS,ASUS-ZENBOOK-14-OLED,Zenbook 14 OLED,new,2025-09-12,709.0,,177.25,,,,False,,,,1,out_of_stock,EUR,2025-09-12T11:00:00Z
Fnac,ASUS,ASUS-ZENBOOK-14-OLED,Zenbook 14 OLED,new,2025-09-19,620.6,557.47,,2025-09-19T11:00:00Z,2025-09-25T11:00:00Z,back_to_school,False,709.0,-88.4,-12.47,1,in_stock,EUR,2025-09-19T16:00:00Z
Fnac,ASUS,ASUS-ZENBOOK-14-OLED,Zenbook 14 OLED,new,2025-09-26,748.48,655.85,187.12,2025-09-26T17:00:00Z,2025-10-07T13:00:00Z,weekend_deal,False,620.6,127.88,20.61,1,in_stock,EUR,2025-09-26T09:00:00Z
Fnac,ASUS,ASUS-ZENBOOK-14-OLED,Zenbook 14 OLED,new,2025-10-03,719.2,,179.8,,,,False,748.48,-29.28,-3.91,1,out_of_stock,EUR,2025-10-03T17:00:00Z
Fnac,ASUS,ASUS-ZENBOOK-S-13,Zenbook S 13,new,2025-09-12,1526.91,,,,,,False,,,,5,preorder,EUR,2025-09-12T14:00:00Z
Fnac,ASUS,ASUS-ZENBOOK-S-13,Zenbook S 13,new,2025-09-19,1443.87,1203.07,,2025-09-16T04:00:00Z,2025-09-25T05:00:00Z,clearance,True,1526.91,-83.04,-5.44,5,in_stock,EUR,2025-09-19T16:00:00Z
Fnac,ASUS,ASUS-ZENBOOK-S-13,Zenbook S 13,new,2025-09-26,1335.14,,,,,,False,1443.87,-108.73,-7.53,5,in_stock,EUR,2025-09-26T17:00:00Z
Fnac,ASUS,ASUS-ZENBOOK-S-13,Zenbook S 13,new,2025-10-03,1546.5,,386.62,,,,False,1335.14,211.36,15.83,5,preorder,EUR,2025-10-03T07:00:00Z
Fnac,Acer,ACER-ASPIRE-5,Aspire 5,new,2025-09-12,1110.6,,277.65,,,,False,,,,3,in_stock,EUR,2025-09-12T11:00:00Z
Fnac,Acer,ACER-ASPIRE-5,Aspire 5,new,2025-09-19,1148.91,1075.36,,2025-09-21T17:00:00Z,2025-09-27T21:00:00Z,back_to_school,False,1110.6,38.31,3.45,3,in_stock,EUR,2025-09-19T16:00:00Z
Fnac,Acer,ACER-ASPIRE-5,Aspire 5,new,2025-09-26,1052.54,,263.13,,,,False,1148.91,-96.37,-8.39,3,in_stock,EUR,2025-09-26T18:00:00Z
Fnac,Acer,ACER-ASPIRE-5,Aspire 5,new,2025-10-03,1016.59,,,,,,False,1052.54,-35.95,-3.42,3,in_stock,EUR,2025-10-03T13:00:00Z
Fnac,Acer,ACER-ASPIRE-VERO,Aspire Vero,new,2025-09-12,608.35,,152.09,,,,False,,,,1,in_stock,EUR,2025-09-12T14:00:00Z
Fnac,Acer,ACER-ASPIRE-VERO,Aspire Vero,new,2025-09-19,608.47,491.77,152.12,2025-09-20T14:00:00Z,2025-09-29T23:00:00Z,weekend_deal,False,608.35,0.12,0.02,1,preorder,EUR,2025-09-19T10:00:00Z
Fnac,Acer,ACER-ASPIRE-VERO,Aspire Vero,new,2025-09-26,544.56,,136.14,,,,False,608.47,-63.91,-10.5,1,in_stock,EUR,2025-09-26T07:00:00Z
Fnac,Acer,ACER-ASPIRE-VERO,Aspire Vero,new,2025-10-03,596.23,,,,,,False,544.56,51.67,9.49,1,in_stock,EUR,2025-10-03T13:00:00Z
Fnac,Acer,ACER-CHROMEBOOK-SPIN-713,Chromebook Spin 713,new,2025-09-12,1319.71,,329.93,,,,False,,,,5,in_stock,EUR,2025-09-12T14:00:00Z
Fnac,Acer,ACER-CHROMEBOOK-SPIN-713,Chromebook Spin 713,new,2025-09-19,1312.9,1218.96,328.23,2025-09-19T13:00:00Z,2025-09-29T03:00:00Z,clearance,False,1319.71,-6.81,-0.52,5,in_stock,EUR,2025-09-19T12:00:00Z
Fnac,Acer,ACER-CHROMEBOOK-SPIN-713,Chromebook Spin 713,new,2025-09-26,1338.72,,,,,,False,1312.9,25.82,1.97,5,in_stock,EUR,2025-09-26T13:00:00Z
Fnac,Acer,ACER-CHROMEBOOK-SPIN-713,Chromebook Spin 713,new,2025-10-03,1425.84,,,,,,False,1338.72,87.12,6.51,6,out_of_stock,EUR,2025-10-03T13:00:00Z
Fnac,Acer,ACER-NITRO-5,Nitro 5,new,2025-09-12,1803.45,,450.86,,,,False,,,,10,in_stock,EUR,2025-09-12T13:00:00Z
Fnac,Acer,ACER-NITRO-5,Nitro 5,new,2025-09-19,1645.68,,,,,,False,1803.45,-157.77,-8.75,9,out_of_stock,EUR,2025-09-19T16:00:00Z
Fnac,Acer,ACER-NITRO-5,Nitro 5,new,2025-09-26,1726.94,,,,,,False,1645.68,81.26,4.94,9,in_stock,EUR,2025-09-26T08:00:00Z
Fnac,Acer,ACER-NITRO-5,Nitro 5,new,2025-10-03,1804.2,,,,,,False,1726.94,77.26,4.47,10,in_stock,EUR,2025-10-03T12:00:00Z
Fnac,Acer,ACER-PREDATOR-HELIOS-16,Predator Helios 16,new,2025-09-12,1348.17,1113.18,,2025-09-12T15:00:00Z,2025-09-16T04:00:00Z,back_to_school,False,,,,6,in_stock,EUR,2025-09-12T18:00:00Z
Fnac,Acer,ACER-PREDATOR-HELIOS-16,Predator Helios 16,new,2025-09-19,1339.98,1189.25,,2025-09-21T18:00:00Z,2025-09-28T14:00:00Z,clearance,False,1348.17,-8.19,-0.61,6,in_stock,EUR,2025-09-19T17:00:00Z
Fnac,Acer,ACER-PREDATOR-HELIOS-16,Predator Helios 16,new,2025-09-26,1401.05,,,,,,False,1339.98,61.07,4.56,7,preorder,EUR,2025-09-26T07:00:00Z
Fnac,Acer,ACER-PREDATOR-HELIOS-16,Predator Helios 16,new,2025-10-03,1537.88,,,,,,False,1401.05,136.83,9.77,7,in_stock,EUR,2025-10-03T11:00:00Z
Fnac,Acer,ACER-SPIN-5,Spin 5,new,2025-09-12,1296.59,,,,,,False,,,,4,in_stock,EUR,2025-09-12T18:00:00Z
Fnac,Acer,ACER-SPIN-5,Spin 5,new,2025-09-19,1270.18,,,,,,False,1296.59,-26.41,-2.04,4,out_of_stock,EUR,2025-09-19T13:00:00Z
Fnac,Acer,ACER-SPIN-5,Spin 5,new,2025-09-26,1346.29,,,,,,False,1270.18,76.11,5.99,6,in_stock,EUR,2025-09-26T18:00:00Z
Fnac,Acer,ACER-SPIN-5,Spin 5,new,2025-10-03,1305.69,1091.41,,2025-10-05T20:00:00Z,2025-10-10T12:00:00Z,back_to_school,False,1346.29,-40.6,-3.02,4,in_stock,EUR,2025-10-03T17:00:00Z
Fnac,Acer,ACER-SWIFT-3,Swift 3,new,2025-09-12,686.2,634.62,171.55,2025-09-14T03:00:00Z,2025-09-19T17:00:00Z,back_to_school,False,,,,2,out_of_stock,EUR,2025-09-12T08:00:00Z
Fnac,Acer,ACER-SWIFT-3,Swift 3,new,2025-09-19,751.42,,,,,,False,686.2,65.22,9.5,2,out_of_stock,EUR,2025-09-19T17:00:00Z
Fnac,Acer,ACER-SWIFT-3,Swift 3,new,2025-09-26,755.62,,188.91,2025-09-29T03:00:00Z,2025-10-02T13:00:00Z,back_to_school,False,751.42,4.2,0.56,2,out_of_stock,EUR,2025-09-26T09:00:00Z
Fnac,Acer,ACER-SWIFT-3,Swift 3,new,2025-10-03,788.13,,197.03,,,,False,755.62,32.51,4.3,2,in_stock,EUR,2025-10-03T16:00:00Z
Fnac,Acer,ACER-SWIFT-GO-14,Swift Go 14,refurb,2025-09-12,1544.25,,386.06,,,,False,,,,8,in_stock,EUR,2025-09-12T13:00:00Z
Fnac,Acer,ACER-SWIFT-GO-14,Swift Go 14,refurb,2025-09-19,1684.65,1559.49,,2025-09-20T01:00:00Z,2025-09-23T17:00:00Z,clearance,False,1544.25,140.4,9.09,10,in_stock,EUR,2025-09-19T15:00:00Z
Fnac,Acer,ACER-SWIFT-GO-14,Swift Go 14,new,2025-09-26,1702.46,1456.94,,2025-09-27T00:00:00Z,2025-10-01T14:00:00Z,back_to_school,False,1684.65,17.81,1.06,8,in_stock,EUR,2025-09-26T17:00:00Z
Fnac,Acer,ACER-SWIFT-GO-14,Swift Go 14,used,2025-10-03,1782.3,,445.57,,,,False,1702.46,79.84,4.69,9,preorder,EUR,2025-10-03T10:00:00Z
Fnac,Acer,ACER-SWIFT-X-14,Swift X 14,new,2025-09-12,1632.78,,,,,,False,,,,9,in_stock,EUR,2025-09-12T10:00:00Z
Fnac,Acer,ACER-SWIFT-X-14,Swift X 14,new,2025-09-19,1559.31,1278.95,389.83,2025-09-16T09:00:00Z,2025-09-25T04:00:00Z,weekend_deal,True,1632.78,-73.47,-4.5,8,in_stock,EUR,2025-09-19T16:00:00Z
Fnac,Acer,ACER-SWIFT-X-14,Swift X 14,new,2025-09-26,1833.01,,458.25,,,,False,1559.31,273.7,17.55,10,in_stock,EUR,2025-09-26T17:00:00Z
Fnac,Acer,ACER-SWIFT-X-14,Swift X 14,new,2025-10-03,1750.93,,437.73,,,,False,1833.01,-82.08,-4.48,8,out_of_stock,EUR,2025-10-03T08:00:00Z
Fnac,Acer,ACER-TRAVELMATE-P4,TravelMate P4,new,2025-09-12,1378.12,,344.53,,,,False,,,,7,in_stock,EUR,2025-09-12T12:00:00Z
Fnac,Acer,ACER-TRAVELMATE-P4,TravelMate P4,new,2025-09-19,1460.03,,365.01,,,,False,1378.12,81.91,5.94,7,in_stock,EUR,2025-09-19T14:00:00Z
Fnac,Acer,ACER-TRAVELMATE-P4,TravelMate P4,new,2025-09-26,1230.01,,307.5,,,,False,1460.03,-230.02,-15.75,4,preorder,EUR,2025-09-26T12:00:00Z
Fnac,Acer,ACER-TRAVELMATE-P4,TravelMate P4,new,2025-10-03,1415.48,1310.54,353.87,2025-10-01T01:00:00Z,2025-10-03T07:00:00Z,back_to_school,True,1230.01,185.47,15.08,5,in_stock,EUR,2025-10-03T07:00:00Z
Fnac,Apple,APPLE-MACBOOK-AIR-13-M1,MacBook Air 13 M1,new,2025-09-12,2322.21,,580.55,,,,False,,,,5,out_of_stock,EUR,2025-09-12T07:00:00Z
Fnac,Apple,APPLE-MACBOOK-AIR-13-M1,MacBook Air 13 M1,new,2025-09-19,2745.09,2230.09,686.27,2025-09-16T20:00:00Z,2025-09-24T00:00:00Z,clearance,True,2322.21,422.88,18.21,7,out_of_stock,EUR,2025-09-19T18:00:00Z
Fnac,Apple,APPLE-MACBOOK-AIR-13-M1,MacBook Air 13 M1,new,2025-09-26,2341.62,,585.4,,,,False,2745.09,-403.47,-14.7,5,out_of_stock,EUR,2025-09-26T15:00:00Z
Fnac,Apple,APPLE-MACBOOK-AIR-13-M1,MacBook Air 13 M1,new,2025-10-03,2272.32,,568.08,,,,False,2341.62,-69.3,-2.96,6,in_stock,EUR,2025-10-03T18:00:00Z
Fnac,Apple,APPLE-MACBOOK-AIR-13-M3,MacBook Air 13 M3,new,2025-09-12,2491.74,,,,,,False,,,,6,in_stock,EUR,2025-09-12T13:00:00Z
Fnac,Apple,APPLE-MACBOOK-AIR-13-M3,MacBook Air 13 M3,new,2025-09-19,2570.69,,642.67,,,,False,2491.74,78.95,3.17,5,preorder,EUR,2025-09-19T15:00:00Z
Fnac,Apple,APPLE-MACBOOK-AIR-13-M3,MacBook Air 13 M3,new,2025-09-26,2342.95,,585.74,,,,False,2570.69,-227.74,-8.86,6,in_stock,EUR,2025-09-26T12:00:00Z
Fnac,Apple,APPLE-MACBOOK-AIR-13-M3,MacBook Air 13 M3,new,2025-10-03,2221.57,,,2025-10-03T01:00:00Z,2025-10-06T06:00:00Z,flash_sale,False,2342.95,-121.38,-5.18,4,in_stock,EUR,2025-10-03T13:00:00Z
Fnac,Apple,APPLE-MACBOOK-AIR-15-M2,MacBook Air 15 M2,new,2025-09-12,1687.35,1389.45,421.84,2025-09-09T08:00:00Z,2025-09-17T04:00:00Z,weekend_deal,True,,,,3,in_stock,EUR,2025-09-12T11:00:00Z
Fnac,Apple,APPLE-MACBOOK-AIR-15-M2,MacBook Air 15 M2,new,2025-09-19,1666.65,,416.66,,,,False,1687.35,-20.7,-1.23,3,in_stock,EUR,2025-09-19T13:00:00Z
Fnac,Apple,APPLE-MACBOOK-AIR-15-M2,MacBook Air 15 M2,new,2025-09-26,1698.27,,424.57,,,,False,1666.65,31.62,1.9,3,in_stock,EUR,2025-09-26T09:00:00Z
Fnac,Apple,APPLE-MACBOOK-AIR-15-M2,MacBook Air 15 M2,new,2025-10-03,1568.1,,392.02,,,,False,1698.27,-130.17,-7.66,3,preorder,EUR,2025-10-03T12:00:00Z
Fnac,Apple,APPLE-MACBOOK-AIR-M2,MacBook Air M2,new,2025-09-12,2683.21,2183.53,670.8,2025-09-11T06:00:00Z,2025-09-17T22:00:00Z,weekend_deal,True,,,,7,in_stock,EUR,2025-09-12T11:00:00Z
Fnac,Apple,APPLE-MACBOOK-AIR-M2,MacBook Air M2,new,2025-09-19,2673.39,,668.35,,,,False,2683.21,-9.82,-0.37,6,in_stock,EUR,2025-09-19T08:00:00Z
Fnac,Apple,APPLE-MACBOOK-AIR-M2,MacBook Air M2,new,2025-09-26,2734.2,2521.05,683.55,2025-09-27T13:00:00Z,2025-10-06T20:00:00Z,weekend_deal,False,2673.39,60.81,2.27,7,in_stock,EUR,2025-09-26T18:00:00Z
Fnac,Apple,APPLE-MACBOOK-AIR-M2,MacBook Air M2,new,2025-10-03,2604.64,,651.16,,,,False,2734.2,-129.56,-4.74,7,in_stock,EUR,2025-10-03T15:00:00Z
Fnac,Apple,APPLE-MACBOOK-AIR-M3,MacBook Air M3,refurb,2025-09-12,2909.8,,,,,,False,,,,9,out_of_stock,EUR,2025-09-12T18:00:00Z
Fnac,Apple,APPLE-MACBOOK-AIR-M3,MacBook Air M3,new,2025-09-19,3246.79,,,,,,False,2909.8,336.99,11.58,10,in_stock,EUR,2025-09-19T11:00:00Z
Fnac,Apple,APPLE-MACBOOK-AIR-M3,MacBook Air M3,new,2025-09-26,3437.6,,,,,,False,3246.79,190.81,5.88,9,in_stock,EUR,2025-09-26T16:00:00Z
Fnac,Apple,APPLE-MACBOOK-AIR-M3,MacBook Air M3,new,2025-10-03,3228.46,,,,,,False,3437.6,-209.14,-6.08,10,out_of_stock,EUR,2025-10-03T15:00:00Z
Fnac,Apple,APPLE-MACBOOK-PRO-13-M2,MacBook Pro 13 M2,new,2025-09-12,3068.54,,767.13,2025-09-15T17:00:00Z,2025-09-24T12:00:00Z,clearance,False,,,,10,in_stock,EUR,2025-09-12T09:00:00Z
Fnac,Apple,APPLE-MACBOOK-PRO-13-M2,MacBook Pro 13 M2,new,2025-09-19,3237.3,,,,,,False,3068.54,168.76,5.5,9,in_stock,EUR,2025-09-19T09:00:00Z
Fnac,Apple,APPLE-MACBOOK-PRO-13-M2,MacBook Pro 13 M2,new,2025-09-26,3560.96,,890.24,,,,False,3237.3,323.66,10.0,10,in_stock,EUR,2025-09-26T12:00:00Z
Fnac,Apple,APPLE-MACBOOK-PRO-13-M2,MacBook Pro 13 M2,new,2025-10-03,3031.44,,,,,,False,3560.96,-529.52,-14.87,8,in_stock,EUR,2025-10-03T17:00:00Z
Fnac,Apple,APPLE-MACBOOK-PRO-14-M2,MacBook Pro 14 M2,new,2025-09-12,2903.75,,,2025-09-15T01:00:00Z,2025-09-24T08:00:00Z,clearance,False,,,,8,in_stock,EUR,2025-09-12T10:00:00Z
Fnac,Apple,APPLE-MACBOOK-PRO-14-M2,MacBook Pro 14 M2,new,2025-09-19,2815.45,,703.86,,,,False,2903.75,-88.3,-3.04,8,in_stock,EUR,2025-09-19T14:00:00Z
Fnac,Apple,APPLE-MACBOOK-PRO-14-M2,MacBook Pro 14 M2,new,2025-09-26,3100.73,,,,,,False,2815.45,285.28,10.13,8,in_stock,EUR,2025-09-26T12:00:00Z
Fnac,Apple,APPLE-MACBOOK-PRO-14-M2,MacBook Pro 14 M2,used,2025-10-03,3179.06,2623.6,794.76,2025-09-30T15:00:00Z,2025-10-06T10:00:00Z,clearance,True,3100.73,78.33,2.53,9,in_stock,EUR,2025-10-03T13:00:00Z
Fnac,Apple,APPLE-MACBOOK-PRO-14-M3,MacBook Pro 14 M3,new,2025-09-12,1165.67,,291.42,,,,False,,,,1,in_stock,EUR,2025-09-12T18:00:00Z
Fnac,Apple,APPLE-MACBOOK-PRO-14-M3,MacBook Pro 14 M3,new,2025-09-19,1256.79,,314.2,2025-09-16T05:00:00Z,2025-09-22T19:00:00Z,clearance,False,1165.67,91.12,7.82,1,preorder,EUR,2025-09-19T14:00:00Z
Fnac,Apple,APPLE-MACBOOK-PRO-14-M3,MacBook Pro 14 M3,new,2025-09-26,1233.33,,308.33,,,,False,1256.79,-23.46,-1.87,1,out_of_stock,EUR,2025-09-26T10:00:00Z
Fnac,Apple,APPLE-MACBOOK-PRO-14-M3,MacBook Pro 14 M3,new,2025-10-03,1125.98,,281.5,,,,False,1233.33,-107.35,-8.7,1,out_of_stock,EUR,2025-10-03T11:00:00Z
Fnac,Apple,APPLE-MACBOOK-PRO-16-M2,MacBook Pro 16 M2,new,2025-09-12,1669.96,1442.03,417.49,2025-09-12T11:00:00Z,2025-09-20T00:00:00Z,flash_sale,False,,,,2,out_of_stock,EUR,2025-09-12T07:00:00Z
Fnac,Apple,APPLE-MACBOOK-PRO-16-M2,MacBook Pro 16 M2,new,2025-09-19,1376.18,,344.05,,,,False,1669.96,-293.78,-17.59,2,in_stock,EUR,2025-09-19T15:00:00Z
Fnac,Apple,APPLE-MACBOOK-PRO-16-M2,MacBook Pro 16 M2,refurb,2025-09-26,1524.48,,381.12,,,,False,1376.18,148.3,10.78,2,in_stock,EUR,2025-09-26T09:00:00Z
Fnac,Apple,APPLE-MACBOOK-PRO-16-M2,MacBook Pro 16 M2,new,2025-10-03,1447.4,1358.74,361.85,2025-09-30T18:00:00Z,2025-10-09T22:00:00Z,flash_sale,True,1524.48,-77.08,-5.06,2,preorder,EUR,2025-10-03T17:00:00Z
Fnac,Apple,APPLE-MACBOOK-PRO-16-M3,MacBook Pro 16 M3,refurb,2025-09-12,1917.92,,479.48,,,,False,,,,4,in_stock,EUR,2025-09-12T12:00:00Z
Fnac,Apple,APPLE-MACBOOK-PRO-16-M3,MacBook Pro 16 M3,new,2025-09-19,2290.03,,,,,,False,1917.92,372.11,19.4,4,in_stock,EUR,2025-09-19T13:00:00Z
Fnac,Apple,APPLE-MACBOOK-PRO-16-M3,MacBook Pro 16 M3,new,2025-09-26,2032.18,,,,,,False,2290.03,-257.85,-11.26,4,out_of_stock,EUR,2025-09-26T15:00:00Z
Fnac,Apple,APPLE-MACBOOK-PRO-16-M3,MacBook Pro 16 M3,new,2025-10-03,2241.81,,,,,,False,2032.18,209.63,10.32,5,in_stock,EUR,2025-10-03T07:00:00Z
Fnac,Dell,DELL-ALIENWARE-M16,Alienware m16,new,2025-09-12,937.49,,,,,,False,,,,4,in_stock,EUR,2025-09-12T09:00:00Z
Fnac,Dell,DELL-ALIENWARE-M16,Alienware m16,new,2025-09-19,1005.44,,,,,,False,937.49,67.95,7.25,4,in_stock,EUR,2025-09-19T14:00:00Z
Fnac,Dell,DELL-ALIENWARE-M16,Alienware m16,new,2025-09-26,913.18,,228.29,,,,False,1005.44,-92.26,-9.18,4,in_stock,EUR,2025-09-26T14:00:00Z
Fnac,Dell,DELL-ALIENWARE-M16,Alienware m16,new,2025-10-03,1018.45,877.6,,2025-10-05T11:00:00Z,2025-10-11T15:00:00Z,flash_sale,False,913.18,105.27,11.53,4,out_of_stock,EUR,2025-10-03T11:00:00Z
Fnac,Dell,DELL-CHROMEBOOK-3110,Chromebook 3110,new,2025-09-12,1987.7,,,,,,False,,,,8,in_stock,EUR,2025-09-12T08:00:00Z
Fnac,Dell,DELL-CHROMEBOOK-3110,Chromebook 3110,new,2025-09-19,2185.98,,546.5,,,,False,1987.7,198.28,9.98,9,in_stock,EUR,2025-09-19T16:00:00Z
Fnac,Dell,DELL-CHROMEBOOK-3110,Chromebook 3110,new,2025-09-26,1911.37,,,,,,False,2185.98,-274.61,-12.56,8,in_stock,EUR,2025-09-26T18:00:00Z
Fnac,Dell,DELL-CHROMEBOOK-3110,Chromebook 3110,new,2025-10-03,2275.99,,569.0,,,,False,1911.37,364.62,19.08,10,in_stock,EUR,2025-10-03T13:00:00Z
Fnac,Dell,DELL-G15,G15,new,2025-09-12,1738.41,1489.52,434.6,2025-09-14T09:00:00Z,2025-09-23T19:00:00Z,flash_sale,False,,,,7,in_stock,EUR,2025-09-12T15:00:00Z
Fnac,Dell,DELL-G15,G15,new,2025-09-19,1746.57,1647.79,,2025-09-19T04:00:00Z,2025-09-23T09:00:00Z,clearance,False,1738.41,8.16,0.47,6,out_of_stock,EUR,2025-09-19T14:00:00Z
Fnac,Dell,DELL-G15,G15,new,2025-09-26,1799.29,,449.82,,,,False,1746.57,52.72,3.02,7,out_of_stock,EUR,2025-09-26T18:00:00Z
Fnac,Dell,DELL-G15,G15,new,2025-10-03,1888.8,,,,,,False,1799.29,89.51,4.97,7,in_stock,EUR,2025-10-03T07:00:00Z
Fnac,Dell,DELL-INSPIRON-14,Inspiron 14,new,2025-09-12,842.91,,,,,,False,,,,3,out_of_stock,EUR,2025-09-12T07:00:00Z
Fnac,Dell,DELL-INSPIRON-14,Inspiron 14,new,2025-09-19,904.52,780.23,226.13,2025-09-21T12:00:00Z,2025-09-27T20:00:00Z,clearance,False,842.91,61.61,7.31,3,in_stock,EUR,2025-09-19T17:00:00Z
Fnac,Dell,DELL-INSPIRON-14,Inspiron 14,new,2025-09-26,907.57,,226.89,,,,False,904.52,3.05,0.34,3,in_stock,EUR,2025-09-26T17:00:00Z
Fnac,Dell,DELL-INSPIRON-14,Inspiron 14,new,2025-10-03,862.67,,215.67,,,,False,907.57,-44.9,-4.95,3,in_stock,EUR,2025-10-03T18:00:00Z
Fnac,Dell,DELL-INSPIRON-16,Inspiron 16,new,2025-09-12,687.06,,,,,,False,,,,2,in_stock,EUR,2025-09-12T09:00:00Z
Fnac,Dell,DELL-INSPIRON-16,Inspiron 16,refurb,2025-09-19,717.66,,179.41,,,,False,687.06,30.6,4.45,1,in_stock,EUR,2025-09-19T13:00:00Z
Fnac,Dell,DELL-INSPIRON-16,Inspiron 16,new,2025-09-26,676.4,,,,,,False,717.66,-41.26,-5.75,1,in_stock,EUR,2025-09-26T11:00:00Z
Fnac,Dell,DELL-INSPIRON-16,Inspiron 16,used,2025-10-03,646.13,,161.53,,,,False,676.4,-30.27,-4.48,1,in_stock,EUR,2025-10-03T07:00:00Z
Fnac,Dell,DELL-LATITUDE-7440,Latitude 7440,refurb,2025-09-12,660.84,,,,,,False,,,,1,in_stock,EUR,2025-09-12T16:00:00Z
Fnac,Dell,DELL-LATITUDE-7440,Latitude 7440,new,2025-09-19,744.1,704.86,186.03,2025-09-21T16:00:00Z,2025-09-25T12:00:00Z,weekend_deal,False,660.84,83.26,12.6,2,preorder,EUR,2025-09-19T12:00:00Z
Fnac,Dell,DELL-LATITUDE-7440,Latitude 7440,new,2025-09-26,683.12,,,,,,False,744.1,-60.98,-8.2,2,in_stock,EUR,2025-09-26T12:00:00Z
Fnac,Dell,DELL-LATITUDE-7440,Latitude 7440,new,2025-10-03,651.69,,162.92,,,,False,683.12,-31.43,-4.6,2,out_of_stock,EUR,2025-10-03T14:00:00Z
Fnac,Dell,DELL-PRECISION-3580,Precision 3580,new,2025-09-12,1400.73,,350.18,,,,False,,,,5,in_stock,EUR,2025-09-12T17:00:00Z
Fnac,Dell,DELL-PRECISION-3580,Precision 3580,new,2025-09-19,1500.93,,375.23,,,,False,1400.73,100.2,7.15,5,in_stock,EUR,2025-09-19T11:00:00Z
Fnac,Dell,DELL-PRECISION-3580,Precision 3580,new,2025-09-26,1276.97,,,,,,False,1500.93,-223.96,-14.92,5,in_stock,EUR,2025-09-26T18:00:00Z
Fnac,Dell,DELL-PRECISION-3580,Precision 3580,new,2025-10-03,1513.29,,378.32,,,,False,1276.97,236.32,18.51,5,in_stock,EUR,2025-10-03T17:00:00Z
Fnac,Dell,DELL-VOSTRO-3520,Vostro 3520,new,2025-09-12,1710.01,,427.5,,,,False,,,,6,preorder,EUR,2025-09-12T10:00:00Z
Fnac,Dell,DELL-VOSTRO-3520,Vostro 3520,new,2025-09-19,1819.66,1581.35,454.92,2025-09-17T04:00:00Z,2025-09-20T13:00:00Z,flash_sale,True,1710.01,109.65,6.41,7,in_stock,EUR,2025-09-19T17:00:00Z
Fnac,Dell,DELL-VOSTRO-3520,Vostro 3520,new,2025-09-26,1633.77,,,,,,False,1819.66,-185.89,-10.22,6,in_stock,EUR,2025-09-26T07:00:00Z
Fnac,Dell,DELL-VOSTRO-3520,Vostro 3520,new,2025-10-03,1765.4,,,2025-10-03T20:00:00Z,2025-10-12T08:00:00Z,weekend_deal,False,1633.77,131.63,8.06,6,in_stock,EUR,2025-10-03T10:00:00Z
Fnac,Dell,DELL-XPS-13,XPS 13,new,2025-09-12,2302.28,,,,,,False,,,,9,in_stock,EUR,2025-09-12T10:00:00Z
Fnac,Dell,DELL-XPS-13,XPS 13,new,2025-09-19,1998.66,,499.67,,,,False,2302.28,-303.62,-13.19,8,in_stock,EUR,2025-09-19T12:00:00Z
Fnac,Dell,DELL-XPS-13,XPS 13,new,2025-09-26,2283.13,,,,,,False,1998.66,284.47,14.23,9,preorder,EUR,2025-09-26T18:00:00Z
Fnac,Dell,DELL-XPS-13,XPS 13,new,2025-10-03,2273.07,2059.16,,2025-10-01T09:00:00Z,2025-10-09T19:00:00Z,back_to_school,True,2283.13,-10.06,-0.44,9,in_stock,EUR,2025-10-03T17:00:00Z
Fnac,Dell,DELL-XPS-15,XPS 15,new,2025-09-12,2329.93,1958.13,582.48,2025-09-12T08:00:00Z,2025-09-21T17:00:00Z,weekend_deal,False,,,,10,in_stock,EUR,2025-09-12T14:00:00Z
Fnac,Dell,DELL-XPS-15,XPS 15,new,2025-09-19,2336.62,,584.15,,,,False,2329.93,6.69,0.29,10,in_stock,EUR,2025-09-19T17:00:00Z
Fnac,Dell,DELL-XPS-15,XPS 15,new,2025-09-26,2326.94,,581.74,,,,False,2336.62,-9.68,-0.41,10,out_of_stock,EUR,2025-09-26T17:00:00Z
Fnac,Dell,DELL-XPS-15,XPS 15,new,2025-10-03,2192.41,1796.4,,2025-10-01T16:00:00Z,2025-10-05T04:00:00Z,back_to_school,True,2326.94,-134.53,-5.78,8,preorder,EUR,2025-10-03T12:00:00Z
Fnac,HP,HP-CHROMEBOOK-X2,Chromebook x2,new,2025-09-12,1784.07,,,,,,False,,,,9,in_stock,EUR,2025-09-12T17:00:00Z
Fnac,HP,HP-CHROMEBOOK-X2,Chromebook x2,new,2025-09-19,1796.25,,449.06,,,,False,1784.07,12.18,0.68,10,in_stock,EUR,2025-09-19T16:00:00Z
Fnac,HP,HP-CHROMEBOOK-X2,Chromebook x2,new,2025-09-26,1955.4,1831.34,,2025-09-23T05:00:00Z,2025-10-01T19:00:00Z,weekend_deal,True,1796.25,159.15,8.86,10,in_stock,EUR,2025-09-26T12:00:00Z
Fnac,HP,HP-CHROMEBOOK-X2,Chromebook x2,new,2025-10-03,2035.53,,,2025-10-03T16:00:00Z,2025-10-05T16:00:00Z,weekend_deal,False,1955.4,80.13,4.1,10,in_stock,EUR,2025-10-03T07:00:00Z
Fnac,HP,HP-DRAGONFLY-G4,Dragonfly G4,new,2025-09-12,1097.02,,274.25,2025-09-14T08:00:00Z,2025-09-24T13:00:00Z,flash_sale,False,,,,2,in_stock,EUR,2025-09-12T16:00:00Z
Fnac,HP,HP-DRAGONFLY-G4,Dragonfly G4,refurb,2025-09-19,1122.41,,,2025-09-19T00:00:00Z,2025-09-26T05:00:00Z,weekend_deal,False,1097.02,25.39,2.31,2,in_stock,EUR,2025-09-19T08:00:00Z
Fnac,HP,HP-DRAGONFLY-G4,Dragonfly G4,new,2025-09-26,1227.52,,306.88,,,,False,1122.41,105.11,9.36,3,out_of_stock,EUR,2025-09-26T15:00:00Z
Fnac,HP,HP-DRAGONFLY-G4,Dragonfly G4,new,2025-10-03,1081.06,,,,,,False,1227.52,-146.46,-11.93,2,out_of_stock,EUR,2025-10-03T11:00:00Z
Fnac,HP,HP-ELITEBOOK-840,EliteBook 840,new,2025-09-12,1506.39,1334.26,,2025-09-10T07:00:00Z,2025-09-21T00:00:00Z,back_to_school,True,,,,6,in_stock,EUR,2025-09-12T09:00:00Z
Fnac,HP,HP-ELITEBOOK-840,EliteBook 840,new,2025-09-19,1350.69,,337.67,,,,False,1506.39,-155.7,-10.34,5,in_stock,EUR,2025-09-19T18:00:00Z
Fnac,HP,HP-ELITEBOOK-840,EliteBook 840,new,2025-09-26,1522.18,,380.55,,,,False,1350.69,171.49,12.7,6,in_stock,EUR,2025-09-26T16:00:00Z
Fnac,HP,HP-ELITEBOOK-840,EliteBook 840,new,2025-10-03,1449.45,,362.36,,,,False,1522.18,-72.73,-4.78,5,preorder,EUR,2025-10-03T14:00:00Z
Fnac,HP,HP-ENVY-13,Envy 13,new,2025-09-12,1468.89,1374.8,367.22,2025-09-14T03:00:00Z,2025-09-24T05:00:00Z,weekend_deal,False,,,,5,in_stock,EUR,2025-09-12T15:00:00Z
Fnac,HP,HP-ENVY-13,Envy 13,new,2025-09-19,1659.95,1500.02,,2025-09-21T08:00:00Z,2025-09-23T13:00:00Z,back_to_school,False,1468.89,191.06,13.01,8,in_stock,EUR,2025-09-19T09:00:00Z
Fnac,HP,HP-ENVY-13,Envy 13,new,2025-09-26,1751.24,,,2025-09-29T18:00:00Z,2025-10-09T02:00:00Z,flash_sale,False,1659.95,91.29,5.5,9,in_stock,EUR,2025-09-26T15:00:00Z
Fnac,HP,HP-ENVY-13,Envy 13,new,2025-10-03,1551.78,,387.94,,,,False,1751.24,-199.46,-11.39,6,out_of_stock,EUR,2025-10-03T09:00:00Z
Fnac,HP,HP-OMEN-16,Omen 16,new,2025-09-12,1586.1,1355.56,396.52,2025-09-11T02:00:00Z,2025-09-16T05:00:00Z,weekend_deal,True,,,,7,in_stock,EUR,2025-09-12T10:00:00Z
Fnac,HP,HP-OMEN-16,Omen 16,new,2025-09-19,1497.61,,374.4,,,,False,1586.1,-88.49,-5.58,6,in_stock,EUR,2025-09-19T17:00:00Z
Fnac,HP,HP-OMEN-16,Omen 16,new,2025-09-26,1444.67,,,,,,False,1497.61,-52.94,-3.53,5,in_stock,EUR,2025-09-26T18:00:00Z
Fnac,HP,HP-OMEN-16,Omen 16,new,2025-10-03,1587.63,,396.91,,,,False,1444.67,142.96,9.9,8,in_stock,EUR,2025-10-03T09:00:00Z
Fnac,HP,HP-PAVILION-14,Pavilion 14,used,2025-09-12,945.66,876.32,236.41,2025-09-13T08:00:00Z,2025-09-15T13:00:00Z,weekend_deal,False,,,,1,in_stock,EUR,2025-09-12T08:00:00Z
Fnac,HP,HP-PAVILION-14,Pavilion 14,new,2025-09-19,930.32,820.5,232.58,2025-09-21T00:00:00Z,2025-09-24T16:00:00Z,clearance,False,945.66,-15.34,-1.62,1,in_stock,EUR,2025-09-19T12:00:00Z
Fnac,HP,HP-PAVILION-14,Pavilion 14,new,2025-09-26,929.8,,232.45,,,,False,930.32,-0.52,-0.06,1,preorder,EUR,2025-09-26T16:00:00Z
Fnac,HP,HP-PAVILION-14,Pavilion 14,new,2025-10-03,881.5,,,,,,False,929.8,-48.3,-5.19,1,out_of_stock,EUR,2025-10-03T16:00:00Z
Fnac,HP,HP-PROBOOK-440,ProBook 440,new,2025-09-12,1811.63,1464.82,,2025-09-09T10:00:00Z,2025-09-17T18:00:00Z,flash_sale,True,,,,10,in_stock,EUR,2025-09-12T17:00:00Z
Fnac,HP,HP-PROBOOK-440,ProBook 440,new,2025-09-19,1544.42,,386.11,,,,False,1811.63,-267.21,-14.75,7,out_of_stock,EUR,2025-09-19T11:00:00Z
Fnac,HP,HP-PROBOOK-440,ProBook 440,new,2025-09-26,1558.96,1297.78,389.74,2025-09-27T19:00:00Z,2025-10-06T05:00:00Z,flash_sale,False,1544.42,14.54,0.94,8,in_stock,EUR,2025-09-26T15:00:00Z
Fnac,HP,HP-PROBOOK-440,ProBook 440,new,2025-10-03,1764.77,,441.19,,,,False,1558.96,205.81,13.2,9,in_stock,EUR,2025-10-03T08:00:00Z
Fnac,HP,HP-SPECTRE-X360,Spectre x360,new,2025-09-12,1173.81,1063.5,293.45,2025-09-09T14:00:00Z,2025-09-19T17:00:00Z,weekend_deal,True,,,,3,out_of_stock,EUR,2025-09-12T12:00:00Z
Fnac,HP,HP-SPECTRE-X360,Spectre x360,new,2025-09-19,1274.76,1158.99,318.69,2025-09-16T04:00:00Z,2025-09-20T23:00:00Z,flash_sale,True,1173.81,100.95,8.6,3,in_stock,EUR,2025-09-19T14:00:00Z
Fnac,HP,HP-SPECTRE-X360,Spectre x360,refurb,2025-09-26,1121.93,,,,,,False,1274.76,-152.83,-11.99,2,in_stock,EUR,2025-09-26T16:00:00Z
Fnac,HP,HP-SPECTRE-X360,Spectre x360,new,2025-10-03,1243.04,,310.76,2025-10-06T13:00:00Z,2025-10-16T05:00:00Z,back_to_school,False,1121.93,121.11,10.79,3,in_stock,EUR,2025-10-03T11:00:00Z
Fnac,HP,HP-VICTUS-15,Victus 15,refurb,2025-09-12,1739.78,1582.34,,2025-09-14T05:00:00Z,2025-09-24T12:00:00Z,clearance,False,,,,8,in_stock,EUR,2025-09-12T10:00:00Z
Fnac,HP,HP-VICTUS-15,Victus 15,new,2025-09-19,1731.98,,433.0,,,,False,1739.78,-7.8,-0.45,9,in_stock,EUR,2025-09-19T16:00:00Z
Fnac,HP,HP-VICTUS-15,Victus 15,new,2025-09-26,1551.86,,,,,,False,1731.98,-180.12,-10.4,7,preorder,EUR,2025-09-26T07:00:00Z
Fnac,HP,HP-VICTUS-15,Victus 15,new,2025-10-03,1569.52,,,,,,False,1551.86,17.66,1.14,7,in_stock,EUR,2025-10-03T12:00:00Z
Fnac,HP,HP-ZBOOK-FIREFLY,ZBook Firefly,new,2025-09-12,1299.45,1118.33,324.86,2025-09-14T05:00:00Z,2025-09-23T00:00:00Z,flash_sale,False,,,,4,in_stock,EUR,2025-09-12T15:00:00Z
Fnac,HP,HP-ZBOOK-FIREFLY,ZBook Firefly,new,2025-09-19,1338.85,,334.71,,,,False,1299.45,39.4,3.03,4,in_stock,EUR,2025-09-19T18:00:00Z
Fnac,HP,HP-ZBOOK-FIREFLY,ZBook Firefly,new,2025-09-26,1357.32,1224.98,339.33,2025-09-25T04:00:00Z,2025-10-04T00:00:00Z,clearance,True,1338.85,18.47,1.38,4,in_stock,EUR,2025-09-26T11:00:00Z
Fnac,HP,HP-ZBOOK-FIREFLY,ZBook Firefly,new,2025-10-03,1439.83,1183.43,359.96,2025-10-02T02:00:00Z,2025-10-08T02:00:00Z,weekend_deal,True,1357.32,82.51,6.08,4,in_stock,EUR,2025-10-03T10:00:00Z
Fnac,Lenovo,LENOVO-IDEAPAD-5,IdeaPad 5,new,2025-09-12,960.2,,240.05,,,,False,,,,3,preorder,EUR,2025-09-12T15:00:00Z
Fnac,Lenovo,LENOVO-IDEAPAD-5,IdeaPad 5,new,2025-09-19,1007.14,840.03,251.78,2025-09-17T05:00:00Z,2025-09-22T01:00:00Z,flash_sale,True,960.2,46.94,4.89,3,out_of_stock,EUR,2025-09-19T16:00:00Z
Fnac,Lenovo,LENOVO-IDEAPAD-5,IdeaPad 5,new,2025-09-26,946.64,,,,,,False,1007.14,-60.5,-6.01,2,in_stock,EUR,2025-09-26T13:00:00Z
Fnac,Lenovo,LENOVO-IDEAPAD-5,IdeaPad 5,new,2025-10-03,959.09,,239.77,2025-10-05T03:00:00Z,2025-10-14T05:00:00Z,back_to_school,False,946.64,12.45,1.32,3,out_of_stock,EUR,2025-10-03T11:00:00Z
Fnac,Lenovo,LENOVO-IDEAPAD-FLEX-5,IdeaPad Flex 5,new,2025-09-12,659.0,581.7,,2025-09-14T10:00:00Z,2025-09-17T17:00:00Z,clearance,False,,,,1,in_stock,EUR,2025-09-12T10:00:00Z
Fnac,Lenovo,LENOVO-IDEAPAD-FLEX-5,IdeaPad Flex 5,new,2025-09-19,658.8,,164.7,,,,False,659.0,-0.2,-0.03,1,in_stock,EUR,2025-09-19T08:00:00Z
Fnac,Lenovo,LENOVO-IDEAPAD-FLEX-5,IdeaPad Flex 5,new,2025-09-26,661.5,,165.38,,,,False,658.8,2.7,0.41,1,in_stock,EUR,2025-09-26T13:00:00Z
Fnac,Lenovo,LENOVO-IDEAPAD-FLEX-5,IdeaPad Flex 5,new,2025-10-03,640.32,,,,,,False,661.5,-21.18,-3.2,1,in_stock,EUR,2025-10-03T08:00:00Z
Fnac,Lenovo,LENOVO-LEGION-5,Legion 5,new,2025-09-12,1678.84,,419.71,,,,False,,,,6,out_of_stock,EUR,2025-09-12T13:00:00Z
Fnac,Lenovo,LENOVO-LEGION-5,Legion 5,new,2025-09-19,1795.1,,,,,,False,1678.84,116.26,6.93,6,in_stock,EUR,2025-09-19T17:00:00Z
Fnac,Lenovo,LENOVO-LEGION-5,Legion 5,new,2025-09-26,1752.77,,,,,,False,1795.1,-42.33,-2.36,6,in_stock,EUR,2025-09-26T17:00:00Z
Fnac,Lenovo,LENOVO-LEGION-5,Legion 5,new,2025-10-03,1870.26,,,,,,False,1752.77,117.49,6.7,6,in_stock,EUR,2025-10-03T10:00:00Z
Fnac,Lenovo,LENOVO-LOQ-15,LOQ 15,new,2025-09-12,1602.22,1520.38,400.56,2025-09-10T02:00:00Z,2025-09-17T02:00:00Z,clearance,True,,,,5,in_stock,EUR,2025-09-12T08:00:00Z
Fnac,Lenovo,LENOVO-LOQ-15,LOQ 15,new,2025-09-19,1478.3,,369.57,,,,False,1602.22,-123.92,-7.73,5,in_stock,EUR,2025-09-19T11:00:00Z
Fnac,Lenovo,LENOVO-LOQ-15,LOQ 15,new,2025-09-26,1517.71,,379.43,,,,False,1478.3,39.41,2.67,5,in_stock,EUR,2025-09-26T16:00:00Z
Fnac,Lenovo,LENOVO-LOQ-15,LOQ 15,new,2025-10-03,1505.47,,376.37,,,,False,1517.71,-12.24,-0.81,5,preorder,EUR,2025-10-03T13:00:00Z
Fnac,Lenovo,LENOVO-SLIM-7-PRO,Slim 7 Pro,new,2025-09-12,1823.66,,,,,,False,,,,8,in_stock,EUR,2025-09-12T15:00:00Z
Fnac,Lenovo,LENOVO-SLIM-7-PRO,Slim 7 Pro,new,2025-09-19,2116.85,,,,,,False,1823.66,293.19,16.08,10,in_stock,EUR,2025-09-19T07:00:00Z
Fnac,Lenovo,LENOVO-SLIM-7-PRO,Slim 7 Pro,new,2025-09-26,2108.12,,527.03,,,,False,2116.85,-8.73,-0.41,8,in_stock,EUR,2025-09-26T15:00:00Z
Fnac,Lenovo,LENOVO-SLIM-7-PRO,Slim 7 Pro,new,2025-10-03,1981.25,,,,,,False,2108.12,-126.87,-6.02,8,preorder,EUR,2025-10-03T17:00:00Z
Fnac,Lenovo,LENOVO-THINKBOOK-14,ThinkBook 14,new,2025-09-12,2324.88,,,,,,False,,,,10,in_stock,EUR,2025-09-12T17:00:00Z
Fnac,Lenovo,LENOVO-THINKBOOK-14,ThinkBook 14,new,2025-09-19,2062.46,,515.62,,,,False,2324.88,-262.42,-11.29,9,out_of_stock,EUR,2025-09-19T16:00:00Z
Fnac,Lenovo,LENOVO-THINKBOOK-14,ThinkBook 14,refurb,2025-09-26,2344.28,,586.07,,,,False,2062.46,281.82,13.66,10,in_stock,EUR,2025-09-26T12:00:00Z
Fnac,Lenovo,LENOVO-THINKBOOK-14,ThinkBook 14,new,2025-10-03,2312.36,,,,,,False,2344.28,-31.92,-1.36,10,in_stock,EUR,2025-10-03T17:00:00Z
Fnac,Lenovo,LENOVO-THINKPAD-T14,ThinkPad T14,new,2025-09-12,2190.95,1791.41,547.74,2025-09-14T15:00:00Z,2025-09-20T08:00:00Z,clearance,False,,,,9,in_stock,EUR,2025-09-12T14:00:00Z
Fnac,Lenovo,LENOVO-THINKPAD-T14,ThinkPad T14,new,2025-09-19,1870.91,,,,,,False,2190.95,-320.04,-14.61,7,in_stock,EUR,2025-09-19T14:00:00Z
Fnac,Lenovo,LENOVO-THINKPAD-T14,ThinkPad T14,new,2025-09-26,2159.21,1874.53,539.8,2025-09-29T12:00:00Z,2025-10-06T15:00:00Z,clearance,False,1870.91,288.3,15.41,9,in_stock,EUR,2025-09-26T18:00:00Z
Fnac,Lenovo,LENOVO-THINKPAD-T14,ThinkPad T14,new,2025-10-03,1998.27,,499.57,,,,False,2159.21,-160.94,-7.45,9,in_stock,EUR,2025-10-03T18:00:00Z
Fnac,Lenovo,LENOVO-THINKPAD-X1-CARBON,ThinkPad X1 Carbon,refurb,2025-09-12,856.05,,214.01,,,,False,,,,2,preorder,EUR,2025-09-12T16:00:00Z
Fnac,Lenovo,LENOVO-THINKPAD-X1-CARBON,ThinkPad X1 Carbon,new,2025-09-19,833.12,,208.28,,,,False,856.05,-22.93,-2.68,2,in_stock,EUR,2025-09-19T12:00:00Z
Fnac,Lenovo,LENOVO-THINKPAD-X1-CARBON,ThinkPad X1 Carbon,new,2025-09-26,949.37,,,,,,False,833.12,116.25,13.95,3,in_stock,EUR,2025-09-26T09:00:00Z
Fnac,Lenovo,LENOVO-THINKPAD-X1-CARBON,ThinkPad X1 Carbon,new,2025-10-03,864.82,,216.21,,,,False,949.37,-84.55,-8.91,2,in_stock,EUR,2025-10-03T17:00:00Z
Fnac,Lenovo,LENOVO-YOGA-7,Yoga 7,new,2025-09-12,1765.82,,441.45,,,,False,,,,7,in_stock,EUR,2025-09-12T18:00:00Z
Fnac,Lenovo,LENOVO-YOGA-7,Yoga 7,new,2025-09-19,1912.61,,,,,,False,1765.82,146.79,8.31,8,preorder,EUR,2025-09-19T16:00:00Z
Fnac,Lenovo,LENOVO-YOGA-7,Yoga 7,new,2025-09-26,1867.92,,,,,,False,1912.61,-44.69,-2.34,7,in_stock,EUR,2025-09-26T13:00:00Z
Fnac,Lenovo,LENOVO-YOGA-7,Yoga 7,new,2025-10-03,1962.7,,,,,,False,1867.92,94.78,5.07,7,preorder,EUR,2025-10-03T12:00:00Z
Fnac,Lenovo,LENOVO-YOGA-SLIM-7,Yoga Slim 7,new,2025-09-12,980.6,,,,,,False,,,,4,in_stock,EUR,2025-09-12T07:00:00Z
Fnac,Lenovo,LENOVO-YOGA-SLIM-7,Yoga Slim 7,new,2025-09-19,1024.45,,,2025-09-21T03:00:00Z,2025-10-01T19:00:00Z,clearance,False,980.6,43.85,4.47,4,out_of_stock,EUR,2025-09-19T17:00:00Z
Fnac,Lenovo,LENOVO-YOGA-SLIM-7,Yoga Slim 7,new,2025-09-26,1034.72,971.05,258.68,2025-09-24T13:00:00Z,2025-10-01T02:00:00Z,back_to_school,True,1024.45,10.27,1.0,4,in_stock,EUR,2025-09-26T17:00:00Z
Fnac,Lenovo,LENOVO-YOGA-SLIM-7,Yoga Slim 7,new,2025-10-03,1089.34,,,,,,False,1034.72,54.62,5.28,4,preorder,EUR,2025-10-03T12:00:00Z
Fnac,Samsung,SAMSUNG-GALAXY-BOOK-FLEX2,Galaxy Book Flex2,new,2025-09-12,950.49,,237.62,,,,False,,,,1,in_stock,EUR,2025-09-12T13:00:00Z
Fnac,Samsung,SAMSUNG-GALAXY-BOOK-FLEX2,Galaxy Book Flex2,new,2025-09-19,895.4,773.77,223.85,2025-09-17T04:00:00Z,2025-09-22T19:00:00Z,flash_sale,True,950.49,-55.09,-5.8,1,preorder,EUR,2025-09-19T09:00:00Z
Fnac,Samsung,SAMSUNG-GALAXY-BOOK-FLEX2,Galaxy Book Flex2,new,2025-09-26,910.01,,227.5,,,,False,895.4,14.61,1.63,1,in_stock,EUR,2025-09-26T11:00:00Z
Fnac,Samsung,SAMSUNG-GALAXY-BOOK-FLEX2,Galaxy Book Flex2,new,2025-10-03,1004.29,836.36,251.07,2025-10-01T06:00:00Z,2025-10-04T18:00:00Z,clearance,True,910.01,94.28,10.36,1,in_stock,EUR,2025-10-03T13:00:00Z
Fnac,Samsung,SAMSUNG-GALAXY-BOOK-GO,Galaxy Book Go,new,2025-09-12,1773.53,1472.52,443.38,2025-09-12T15:00:00Z,2025-09-15T03:00:00Z,back_to_school,False,,,,4,out_of_stock,EUR,2025-09-12T09:00:00Z
Fnac,Samsung,SAMSUNG-GALAXY-BOOK-GO,Galaxy Book Go,new,2025-09-19,1845.56,,,,,,False,1773.53,72.03,4.06,6,out_of_stock,EUR,2025-09-19T15:00:00Z
Fnac,Samsung,SAMSUNG-GALAXY-BOOK-GO,Galaxy Book Go,new,2025-09-26,1717.25,,429.31,,,,False,1845.56,-128.31,-6.95,4,in_stock,EUR,2025-09-26T09:00:00Z
Fnac,Samsung,SAMSUNG-GALAXY-BOOK-GO,Galaxy Book Go,new,2025-10-03,1679.26,,,,,,False,1717.25,-37.99,-2.21,4,in_stock,EUR,2025-10-03T14:00:00Z
Fnac,Samsung,SAMSUNG-GALAXY-BOOK-ION,Galaxy Book Ion,new,2025-09-12,1339.57,,334.89,,,,False,,,,2,out_of_stock,EUR,2025-09-12T07:00:00Z
Fnac,Samsung,SAMSUNG-GALAXY-BOOK-ION,Galaxy Book Ion,used,2025-09-19,1256.2,,314.05,,,,False,1339.57,-83.37,-6.22,2,out_of_stock,EUR,2025-09-19T15:00:00Z
Fnac,Samsung,SAMSUNG-GALAXY-BOOK-ION,Galaxy Book Ion,new,2025-09-26,1284.22,,,,,,False,1256.2,28.02,2.23,2,in_stock,EUR,2025-09-26T10:00:00Z
Fnac,Samsung,SAMSUNG-GALAXY-BOOK-ION,Galaxy Book Ion,new,2025-10-03,1117.25,,,,,,False,1284.22,-166.97,-13.0,2,out_of_stock,EUR,2025-10-03T14:00:00Z
Fnac,Samsung,SAMSUNG-GALAXY-BOOK2-360,Galaxy Book2 360,new,2025-09-12,1437.91,,359.48,2025-09-15T13:00:00Z,2025-09-24T07:00:00Z,flash_sale,False,,,,3,in_stock,EUR,2025-09-12T07:00:00Z
Fnac,Samsung,SAMSUNG-GALAXY-BOOK2-360,Galaxy Book2 360,new,2025-09-19,1548.98,,387.25,,,,False,1437.91,111.07,7.72,3,preorder,EUR,2025-09-19T10:00:00Z
Fnac,Samsung,SAMSUNG-GALAXY-BOOK2-360,Galaxy Book2 360,new,2025-09-26,1404.26,1231.82,351.06,2025-09-25T10:00:00Z,2025-10-01T20:00:00Z,clearance,True,1548.98,-144.72,-9.34,3,in_stock,EUR,2025-09-26T07:00:00Z
Fnac,Samsung,SAMSUNG-GALAXY-BOOK2-360,Galaxy Book2 360,new,2025-10-03,1575.1,,,,,,False,1404.26,170.84,12.17,3,in_stock,EUR,2025-10-03T17:00:00Z
Fnac,Samsung,SAMSUNG-GALAXY-BOOK3,Galaxy Book3,new,2025-09-12,1945.79,,486.45,,,,False,,,,6,out_of_stock,EUR,2025-09-12T18:00:00Z
Fnac,Samsung,SAMSUNG-GALAXY-BOOK3,Galaxy Book3,new,2025-09-19,1689.71,,422.43,,,,False,1945.79,-256.08,-13.16,4,in_stock,EUR,2025-09-19T08:00:00Z
Fnac,Samsung,SAMSUNG-GALAXY-BOOK3,Galaxy Book3,new,2025-09-26,1724.94,1475.06,,2025-09-28T10:00:00Z,2025-10-03T22:00:00Z,weekend_deal,False,1689.71,35.23,2.08,5,in_stock,EUR,2025-09-26T08:00:00Z
Fnac,Samsung,SAMSUNG-GALAXY-BOOK3,Galaxy Book3,new,2025-10-03,1866.62,,466.65,,,,False,1724.94,141.68,8.21,5,in_stock,EUR,2025-10-03T14:00:00Z
Fnac,Samsung,SAMSUNG-GALAXY-BOOK3-360,Galaxy Book3 360,new,2025-09-12,2580.86,,,,,,False,,,,10,in_stock,EUR,2025-09-12T13:00:00Z
Fnac,Samsung,SAMSUNG-GALAXY-BOOK3-360,Galaxy Book3 360,new,2025-09-19,2584.99,,,,,,False,2580.86,4.13,0.16,10,preorder,EUR,2025-09-19T17:00:00Z
Fnac,Samsung,SAMSUNG-GALAXY-BOOK3-360,Galaxy Book3 360,new,2025-09-26,2759.29,,689.82,,,,False,2584.99,174.3,6.74,10,in_stock,EUR,2025-09-26T12:00:00Z
Fnac,Samsung,SAMSUNG-GALAXY-BOOK3-360,Galaxy Book3 360,new,2025-10-03,2365.49,2230.97,,2025-10-02T11:00:00Z,2025-10-09T04:00:00Z,back_to_school,True,2759.29,-393.8,-14.27,7,in_stock,EUR,2025-10-03T18:00:00Z
Fnac,Samsung,SAMSUNG-GALAXY-BOOK3-PRO,Galaxy Book3 Pro,new,2025-09-12,2313.5,,,,,,False,,,,7,out_of_stock,EUR,2025-09-12T14:00:00Z
Fnac,Samsung,SAMSUNG-GALAXY-BOOK3-PRO,Galaxy Book3 Pro,new,2025-09-19,2371.39,,592.85,,,,False,2313.5,57.89,2.5,8,in_stock,EUR,2025-09-19T08:00:00Z
Fnac,Samsung,SAMSUNG-GALAXY-BOOK3-PRO,Galaxy Book3 Pro,new,2025-09-26,2399.29,2278.44,,2025-09-27T08:00:00Z,2025-10-04T22:00:00Z,weekend_deal,False,2371.39,27.9,1.18,8,out_of_stock,EUR,2025-09-26T18:00:00Z
Fnac,Samsung,SAMSUNG-GALAXY-BOOK3-PRO,Galaxy Book3 Pro,new,2025-10-03,2477.64,,619.41,,,,False,2399.29,78.35,3.27,8,in_stock,EUR,2025-10-03T14:00:00Z
Fnac,Samsung,SAMSUNG-GALAXY-BOOK3-ULTRA,Galaxy Book3 Ultra,new,2025-09-12,2390.87,,597.72,,,,False,,,,8,in_stock,EUR,2025-09-12T18:00:00Z
Fnac,Samsung,SAMSUNG-GALAXY-BOOK3-ULTRA,Galaxy Book3 Ultra,new,2025-09-19,2303.19,,,,,,False,2390.87,-87.68,-3.67,7,in_stock,EUR,2025-09-19T08:00:00Z
Fnac,Samsung,SAMSUNG-GALAXY-BOOK3-ULTRA,Galaxy Book3 Ultra,new,2025-09-26,2264.98,,,,,,False,2303.19,-38.21,-1.66,7,preorder,EUR,2025-09-26T09:00:00Z
Fnac,Samsung,SAMSUNG-GALAXY-BOOK3-ULTRA,Galaxy Book3 Ultra,new,2025-10-03,2576.65,,,,,,False,2264.98,311.67,13.76,9,in_stock,EUR,2025-10-03T14:00:00Z
Fnac,Samsung,SAMSUNG-GALAXY-BOOK4,Galaxy Book4,new,2025-09-12,1805.58,1652.67,451.39,2025-09-11T10:00:00Z,2025-09-19T03:00:00Z,flash_sale,True,,,,5,out_of_stock,EUR,2025-09-12T08:00:00Z
Fnac,Samsung,SAMSUNG-GALAXY-BOOK4,Galaxy Book4,refurb,2025-09-19,1711.54,,427.88,,,,False,1805.58,-94.04,-5.21,5,in_stock,EUR,2025-09-19T11:00:00Z
Fnac,Samsung,SAMSUNG-GALAXY-BOOK4,Galaxy Book4,new,2025-09-26,2069.37,,,,,,False,1711.54,357.83,20.91,6,out_of_stock,EUR,2025-09-26T13:00:00Z
Fnac,Samsung,SAMSUNG-GALAXY-BOOK4,Galaxy Book4,new,2025-10-03,1983.56,,495.89,,,,False,2069.37,-85.81,-4.15,6,in_stock,EUR,2025-10-03T08:00:00Z
Fnac,Samsung,SAMSUNG-GALAXY-BOOK4-PRO,Galaxy Book4 Pro,new,2025-09-12,2521.8,,,,,,False,,,,9,out_of_stock,EUR,2025-09-12T10:00:00Z
Fnac,Samsung,SAMSUNG-GALAXY-BOOK4-PRO,Galaxy Book4 Pro,new,2025-09-19,2553.44,,638.36,,,,False,2521.8,31.64,1.25,9,in_stock,EUR,2025-09-19T08:00:00Z
Fnac,Samsung,SAMSUNG-GALAXY-BOOK4-PRO,Galaxy Book4 Pro,used,2025-09-26,2587.76,,646.94,2025-09-28T14:00:00Z,2025-09-30T14:00:00Z,back_to_school,False,2553.44,34.32,1.34,9,in_stock,EUR,2025-09-26T09:00:00Z
Fnac,Samsung,SAMSUNG-GALAXY-BOOK4-PRO,Galaxy Book4 Pro,new,2025-10-03,2682.21,,,2025-10-03T00:00:00Z,2025-10-13T01:00:00Z,weekend_deal,False,2587.76,94.45,3.65,10,in_stock,EUR,2025-10-03T09:00:00Z
